itemId,Xmin,Ymin,Xmax,Ymax,Xmin_true,Ymin_true,Xmax_true,Ymax_true,iou,Xc,Yc,Xc_true,Yc_true
5,151,914,511,1331,198,827,649,1340,0.5250018670647522,331.0,1122.5,423.5,1083.5
10,72,559,427,858,26,605,433,847,0.736209282381913,249.5,708.5,229.5,726.0
13,46,600,621,981,233,698,622,920,0.3942331925763614,333.5,790.5,427.5,809.0
30,65,353,324,491,61,368,329,530,0.6400554245993817,194.5,422.0,195.0,449.0
32,9,279,388,884,30,536,328,813,0.3600351312743084,198.5,581.5,179.0,674.5
48,50,1029,163,1103,85,1031,164,1113,0.4805800704807803,106.5,1066.0,124.5,1072.0
64,22,417,244,564,21,416,223,565,0.8370905945925987,133.0,490.5,122.0,490.5
78,49,194,617,707,4,105,816,644,0.5519250118772397,333.0,450.5,410.0,374.5
90,35,269,474,608,103,372,324,542,0.25247617860206273,254.5,438.5,213.5,457.0
118,47,1269,188,1372,46,1277,143,1408,0.3989277918137271,117.5,1320.5,94.5,1342.5
137,59,724,781,1194,31,717,787,1308,0.7554257408568404,420.0,959.0,409.0,1012.5
142,227,295,669,711,107,197,1005,782,0.3499773719376393,448.0,503.0,556.0,489.5
161,48,804,292,992,42,802,334,995,0.7672106603273536,170.0,898.0,188.0,898.5
168,98,472,446,1216,21,435,770,1001,0.3787989140922175,272.0,844.0,395.5,718.0
190,52,740,685,1517,38,734,904,1308,0.5900871303819024,368.5,1128.5,471.0,1021.0
229,40,363,596,893,16,407,332,787,0.3645929088271744,318.0,628.0,174.0,597.0
260,83,740,494,1006,124,759,422,928,0.4607050171383786,288.5,873.0,273.0,843.5
285,62,339,353,575,34,347,342,570,0.8250257755925554,207.5,457.0,188.0,458.5
286,11,40,978,760,143,181,791,594,0.3844231372465065,494.5,400.0,467.0,387.5
441,21,594,673,798,39,463,674,739,0.4512400220754231,347.0,696.0,356.5,601.0
486,44,697,420,983,153,732,391,954,0.491382273177474,232.0,840.0,272.0,843.0
511,48,782,223,924,55,827,181,941,0.3927632388645847,135.5,853.0,118.0,884.0
572,53,1068,907,1831,32,1046,948,1949,0.7876907636843711,480.0,1449.5,490.0,1497.5
576,187,476,518,824,96,467,520,792,0.7237048700833106,352.5,650.0,308.0,629.5
577,61,1035,152,1108,62,1031,139,1082,0.5912076982197694,106.5,1071.5,100.5,1056.5
622,53,784,579,1181,24,763,587,1324,0.6610914846933446,316.0,982.5,305.5,1043.5
667,159,66,894,551,0,42,921,653,0.6334098396924995,526.5,308.5,460.5,347.5
678,32,586,213,739,38,591,189,713,0.6652887872111517,122.5,662.5,113.5,652.0
794,41,895,1051,1639,82,937,1000,1855,0.6524211810110991,546.0,1267.0,541.0,1396.0
801,43,671,241,875,99,683,260,828,0.4893136741657569,142.0,773.0,179.5,755.5
813,182,1010,740,1457,41,1006,782,1701,0.4744360336989301,461.0,1233.5,411.5,1353.5
843,47,988,80,1014,44,989,84,1014,0.363476258859336,63.5,1001.0,64.0,1001.5
910,51,690,450,1065,29,689,509,1083,0.7688470507059665,250.5,877.5,269.0,886.0
998,107,459,745,957,283,464,808,909,0.610099131064976,426.0,708.0,545.5,686.5
1024,40,624,279,831,33,619,226,816,0.7179693232706538,159.5,727.5,129.5,717.5
1032,45,441,190,565,43,464,191,609,0.5429650759715094,117.5,503.0,117.0,536.5
1067,80,646,710,1085,125,771,553,1126,0.4343266514400399,395.0,865.5,339.0,948.5
1095,33,599,42,606,35,599,41,605,0.060415387927844864,37.5,602.5,38.0,602.0
1125,35,612,509,968,57,608,436,974,0.7601270817176469,272.0,790.0,246.5,791.0
1147,37,653,169,742,43,653,170,742,0.8164965808783079,103.0,697.5,106.5,697.5
1275,98,565,327,763,67,570,335,767,0.7758743780010647,212.5,664.0,201.0,668.5
1412,25,214,931,1141,289,161,1007,1158,0.6239987669867998,478.0,677.5,648.0,659.5
1451,12,172,797,693,106,138,758,527,0.5408988167060461,404.5,432.5,432.0,332.5
1467,23,446,79,518,20,457,78,502,0.5900601846305533,51.0,482.0,49.0,479.5
1473,75,884,339,1170,56,931,336,1070,0.4623461681550691,207.0,1027.0,196.0,1000.5
1490,29,442,68,483,24,447,71,471,0.5306598709690888,48.5,462.5,47.5,459.0
1518,125,388,844,966,256,374,627,928,0.4812351647007078,484.5,677.0,441.5,651.0
1571,53,742,193,865,84,752,183,845,0.5347224617932177,123.0,803.5,133.5,798.5
1587,36,702,91,761,34,697,103,743,0.6614164219864213,63.5,731.5,68.5,720.0
1614,115,879,860,1478,309,896,652,1380,0.3720487229505238,487.5,1178.5,480.5,1138.0
1661,44,499,83,530,23,492,87,529,0.5105063766891901,63.5,514.5,55.0,510.5
1690,56,495,373,738,125,550,367,706,0.4901374197083999,214.5,616.5,246.0,628.0
1691,14,303,447,565,14,302,353,568,0.7491696539484712,230.5,434.0,183.5,435.0
1751,40,514,514,862,27,510,588,883,0.7835591515373448,277.0,688.0,307.5,696.5
1811,29,497,73,535,43,502,62,530,0.3129909940095897,51.0,516.0,52.5,516.0
1817,121,403,823,1034,20,538,560,963,0.3825600694022604,472.0,718.5,290.0,750.5
1983,64,720,271,935,74,709,263,846,0.5567336619956733,167.5,827.5,168.5,777.5
2001,186,843,348,1043,143,869,307,1001,0.4104171690378586,267.0,943.0,225.0,935.0
2014,99,553,655,937,28,567,506,926,0.609030964754309,377.0,745.0,267.0,746.5
2053,41,850,750,1389,91,877,720,1367,0.8065943150283743,395.5,1119.5,405.5,1122.0
2059,118,1095,437,1370,35,1052,412,1451,0.5032240691231558,277.5,1232.5,223.5,1251.5
2247,19,298,614,740,39,294,618,695,0.8787124197766306,316.5,519.0,328.5,494.5
2373,99,621,902,1216,155,554,934,1201,0.8229044280289683,500.5,918.5,544.5,877.5
2509,83,713,400,1005,53,738,285,1040,0.4659831536067403,241.5,859.0,169.0,889.0
2613,165,838,394,1008,79,825,400,1019,0.6250779940263993,279.5,923.0,239.5,922.0
2636,45,758,539,1092,41,780,360,1103,0.5464412776948906,292.0,925.0,200.5,941.5
2647,95,1095,396,1262,102,1029,270,1257,0.4569040357472894,245.5,1178.5,186.0,1143.0
2665,265,572,1007,1215,294,633,968,982,0.4930760144548491,636.0,893.5,631.0,807.5
2685,43,871,397,1133,91,895,385,1102,0.656230715580291,220.0,1002.0,238.0,998.5
2721,77,823,475,1032,38,830,496,1059,0.6941319099483008,276.0,927.5,267.0,944.5
2722,21,318,328,507,86,293,372,463,0.5170687055835755,174.5,412.5,229.0,378.0
2746,30,370,924,984,15,366,932,1096,0.8178708038808947,477.0,677.0,473.5,731.0
2757,70,780,470,1169,233,698,622,920,0.17322957059571273,270.0,974.5,427.5,809.0
2765,60,809,569,1148,58,829,413,1149,0.6096298056906575,314.5,978.5,235.5,989.0
2776,11,148,661,572,5,144,666,581,0.9494489518544852,336.0,360.0,335.5,362.5
2780,21,474,563,835,51,568,518,965,0.4641255549674526,292.0,654.5,284.5,766.5
2786,35,810,489,1150,74,856,360,1116,0.4817791963181807,262.0,980.0,217.0,986.0
2891,56,730,847,1180,29,679,908,1331,0.621025016227308,451.5,955.0,468.5,1005.0
2901,70,651,680,1024,253,542,723,1003,0.5387791996794352,375.0,837.5,488.0,772.5
2969,239,220,731,897,55,239,875,900,0.5836815527318361,485.0,558.5,465.0,569.5
3009,53,1076,197,1177,85,1076,210,1194,0.5317963588615335,125.0,1126.5,147.5,1135.0
3019,117,628,641,1089,276,764,405,1001,0.12657539039658472,379.0,858.5,340.5,882.5
3038,42,567,271,741,92,588,249,730,0.5595600467540607,156.5,654.0,170.5,659.0
3118,53,1063,796,1539,151,1071,739,1805,0.5126947234470187,424.5,1301.0,445.0,1438.0
3135,101,156,564,592,73,284,596,623,0.5938279978029619,332.5,374.0,334.5,453.5
3143,73,151,983,768,348,83,1003,778,0.6324799099225908,528.0,459.5,675.5,430.5
3146,84,764,690,1275,116,753,663,1183,0.7492531131597123,387.0,1019.5,389.5,968.0
3185,20,228,617,1060,9,197,966,832,0.4948270339035586,318.5,644.0,487.5,514.5
3281,39,265,308,494,103,319,259,477,0.4001633909596379,173.5,379.5,181.0,398.0
3382,70,935,402,1187,129,929,335,1196,0.5764636961433129,236.0,1061.0,232.0,1062.5
3412,44,823,286,1097,60,825,324,1062,0.7267874532464681,165.0,960.0,192.0,943.5
3414,71,1017,152,1084,87,1003,162,1087,0.6032485065288953,111.5,1050.5,124.5,1045.0
3420,48,642,253,808,58,668,197,791,0.5024598845426713,150.5,725.0,127.5,729.5
3433,58,532,954,1170,262,428,991,1061,0.5695021168658773,506.0,851.0,626.5,744.5
3452,28,105,828,685,314,165,716,758,0.4158551107310445,428.0,395.0,515.0,461.5
3589,61,730,188,819,63,697,222,820,0.5680739955184465,124.5,774.5,142.5,758.5
3775,67,574,284,782,112,578,217,700,0.2838373167341549,175.5,678.0,164.5,639.0
3777,28,67,628,799,0,57,749,519,0.5369561063401562,328.0,433.0,374.5,288.0
3811,57,1073,625,1602,82,1055,497,1663,0.6479582549690851,341.0,1337.5,289.5,1359.0
3816,142,820,442,1333,63,835,429,1159,0.514213433326281,292.0,1076.5,246.0,997.0
3927,19,515,168,709,17,511,200,714,0.7697871769603523,93.5,612.0,108.5,612.5
3973,47,938,98,959,62,932,93,959,0.3944721133409863,72.5,948.5,77.5,945.5
4032,297,804,817,1455,151,787,732,1457,0.6196937398202704,557.0,1129.5,441.5,1122.0
4038,23,508,43,522,28,510,45,523,0.263942621366718,33.0,515.0,36.5,516.5
4048,54,667,952,1364,237,721,730,1276,0.43719402631772775,503.0,1015.5,483.5,998.5
4052,190,388,683,781,231,521,768,832,0.4722484408702742,436.5,584.5,499.5,676.5
4094,139,570,582,989,249,529,577,964,0.6648935094523218,360.5,779.5,413.0,746.5
4104,18,202,604,825,8,195,638,667,0.7161058991953013,311.0,513.5,323.0,431.0
4117,42,661,137,732,56,670,137,735,0.5842924216636515,89.5,696.5,96.5,702.5
4145,27,332,669,788,173,379,484,643,0.28048386081434834,348.0,560.0,328.5,511.0
4163,76,705,234,853,69,737,174,857,0.4093168572504094,155.0,779.0,121.5,797.0
4220,128,542,447,801,156,529,361,703,0.4053399405181656,287.5,671.5,258.5,616.0
4236,13,174,695,1097,5,167,712,746,0.614077836666973,354.0,635.5,358.5,456.5
4257,25,641,82,683,23,641,68,700,0.4240943307949741,53.5,662.0,45.5,670.5
4322,23,356,61,383,23,359,58,390,0.4975295237291222,42.0,369.5,40.5,374.5
4408,47,845,87,882,46,840,86,882,0.6794978874009737,67.0,863.5,66.0,861.0
4538,37,768,933,1416,363,838,949,1327,0.4852462420164043,485.0,1092.0,656.0,1082.5
4547,120,323,756,727,159,219,886,854,0.5071693275303835,438.0,525.0,522.5,536.5
4549,85,1026,281,1188,98,1051,242,1169,0.535200912381488,183.0,1107.0,170.0,1110.0
4557,47,917,115,959,46,928,109,962,0.3579427931055927,81.0,938.0,77.5,945.0
4570,30,605,99,649,29,603,88,657,0.5783218408544727,64.5,627.0,58.5,630.0
4582,30,359,979,1026,121,357,1012,881,0.7049059531613152,504.5,692.5,566.5,619.0
4584,128,737,742,1274,189,716,677,1255,0.7622740447150832,435.0,1005.5,433.0,985.5
4608,56,284,664,758,71,295,642,726,0.8540334657494175,360.0,521.0,356.5,510.5
4629,55,522,367,766,101,548,347,686,0.4459777629717573,211.0,644.0,224.0,617.0
4631,52,734,376,1015,43,724,387,921,0.6679737011978754,214.0,874.5,215.0,822.5
4752,82,762,142,814,81,762,133,826,0.5182486399384836,112.0,788.0,107.0,794.0
4788,98,852,893,1481,95,814,710,1733,0.5556992882627744,495.5,1166.5,402.5,1273.5
4846,52,706,388,955,86,718,338,930,0.6386180786753369,220.0,830.5,212.0,824.0
4878,44,672,586,1196,83,653,757,1138,0.6495664689014647,315.0,934.0,420.0,895.5
4927,45,859,608,1267,92,861,601,1278,0.828220530586137,326.5,1063.0,346.5,1069.5
4936,92,263,521,620,10,228,584,656,0.6233420361294734,306.5,441.5,297.0,442.0
4972,49,532,803,1110,109,425,705,1236,0.5899570193810949,426.0,821.0,407.0,830.5
4992,55,785,279,892,104,767,253,869,0.5371565719023299,167.0,838.5,178.5,818.0
5009,12,246,789,892,67,221,895,884,0.7992197513364077,400.5,569.0,481.0,552.5
5014,38,298,405,571,10,305,231,571,0.4606918694164154,221.5,434.5,120.5,438.0
5067,107,600,715,1422,17,537,725,1445,0.7773432987381467,411.0,1011.0,371.0,991.0
5169,32,761,185,844,28,760,183,914,0.4521174996170826,108.5,802.5,105.5,837.0
5205,41,696,206,807,37,739,214,808,0.4862658951330921,123.5,751.5,125.5,773.5
5286,43,701,121,761,39,700,122,756,0.8172830850910097,82.0,731.0,80.5,728.0
5312,48,817,92,856,48,819,87,853,0.5628617211685062,70.0,836.5,67.5,836.0
5389,32,450,80,487,42,444,63,482,0.4241080617381825,56.0,468.5,52.5,463.0
5444,24,48,985,835,-1,21,1002,768,0.8674441560516505,504.5,441.5,500.5,394.5
5447,39,601,902,1289,32,707,583,1118,0.3744184756065963,470.5,945.0,307.5,912.5
5466,32,471,190,632,30,475,292,655,0.4952738048390409,111.0,551.5,161.0,565.0
5471,37,1007,625,1432,36,1061,544,1591,0.5339814723846982,331.0,1219.5,290.0,1326.0
5519,43,1220,493,1534,139,1202,355,1555,0.4464831694473719,268.0,1377.0,247.0,1378.5
5602,47,524,786,1380,49,605,847,1040,0.4941976690156971,416.5,952.0,448.0,822.5
5604,15,342,925,1017,39,415,687,1018,0.6171376582309417,470.0,679.5,363.0,716.5
5611,49,801,693,1258,41,833,660,1141,0.6333486143690077,371.0,1029.5,350.5,987.0
5647,54,584,785,1274,116,569,787,987,0.5373931556478715,419.5,929.0,451.5,778.0
5670,14,279,939,953,227,281,738,1040,0.5032181966469773,476.5,616.0,482.5,660.5
5676,86,917,210,1042,59,921,218,1028,0.7012108878920112,148.0,979.5,138.5,974.5
5705,128,1506,501,1903,243,1640,524,1870,0.39744253083715,314.5,1704.5,383.5,1755.0
5709,19,317,896,967,59,399,680,905,0.5512804591572218,457.5,642.0,369.5,652.0
5778,242,796,694,1206,198,815,581,1198,0.6238473700705149,468.0,1001.0,389.5,1006.5
5797,38,294,709,1013,6,326,541,801,0.479617296862732,373.5,653.5,273.5,563.5
5886,133,660,723,1109,148,725,577,1181,0.5323224269658875,428.0,884.5,362.5,953.0
5907,14,242,539,590,84,267,536,563,0.7323775617846405,276.5,416.0,310.0,415.0
5920,135,711,420,919,142,748,319,878,0.38819671440828296,277.5,815.0,230.5,813.0
6013,48,926,65,936,48,924,67,938,0.11603305429712465,56.5,931.0,57.5,931.0
6090,128,518,404,805,47,578,340,809,0.4579372095037823,266.0,661.5,193.5,693.5
6132,39,637,276,831,47,650,213,812,0.5849469195908239,157.5,734.0,130.0,731.0
6162,43,771,560,1178,41,775,589,1112,0.803145354303424,301.5,974.5,315.0,943.5
6171,87,371,931,988,24,258,1029,1226,0.5352328493894165,509.0,679.5,526.5,742.0
6219,60,457,242,687,23,465,176,606,0.3450443656643259,151.0,572.0,99.5,535.5
6308,68,446,184,543,52,447,209,570,0.5318702904644883,126.0,494.5,130.5,508.5
6433,56,939,72,952,60,937,71,953,0.18622227055241486,64.0,945.5,65.5,945.0
6441,38,269,400,842,104,244,587,671,0.4154369987117275,219.0,555.5,345.5,457.5
6497,78,1199,460,1627,89,1255,384,1532,0.4998481450141392,269.0,1413.0,236.5,1393.5
6606,75,246,702,611,3,151,717,681,0.6047040708736324,388.5,428.5,360.0,416.0
6646,21,515,346,819,16,521,355,1013,0.5581182500028049,183.5,667.0,185.5,767.0
6665,45,850,81,878,36,843,86,886,0.4324526658622665,63.0,864.0,61.0,864.5
6736,53,481,179,612,96,492,172,619,0.4945230484475777,116.0,546.5,134.0,555.5
6933,83,759,922,1699,64,756,1019,1489,0.7160415431334882,502.5,1229.0,541.5,1122.5
7010,15,438,298,812,15,439,244,696,0.5555347973863234,156.5,625.0,129.5,567.5
7090,97,791,396,1029,37,811,400,1058,0.6394804412832155,246.5,910.0,218.5,934.5
7243,363,565,862,1062,266,684,825,1006,0.5264090953858395,612.5,813.5,545.5,845.0
7266,28,336,395,601,49,328,410,575,0.8347955111592932,211.5,468.5,229.5,451.5
7290,92,553,669,943,121,711,526,909,0.3563881251476701,380.5,748.0,323.5,810.0
7305,71,862,487,1173,86,861,463,1278,0.6529481002303598,279.0,1017.5,274.5,1069.5
7394,49,974,268,1205,50,995,215,1157,0.528428576712857,158.5,1089.5,132.5,1076.0
7439,131,186,857,829,212,170,904,713,0.6956344184859271,494.0,507.5,558.0,441.5
7458,41,732,259,855,38,739,218,894,0.530955103155499,150.0,793.5,128.0,816.5
7478,26,560,384,766,49,574,336,853,0.5242949647388473,205.0,663.0,192.5,713.5
7481,19,516,91,573,34,526,86,587,0.4183681155943981,55.0,544.5,60.0,556.5
7485,24,744,213,868,23,714,158,909,0.4925382530546237,118.5,806.0,90.5,811.5
7535,39,333,651,876,220,428,863,812,0.4085786635754001,345.0,604.5,541.5,620.0
7555,58,1031,104,1066,50,1030,104,1072,0.4220706310713239,81.0,1048.5,77.0,1051.0
7591,91,244,749,712,207,227,764,724,0.7711276083790163,420.0,478.0,485.5,475.5
7617,55,778,199,909,38,775,240,917,0.6183595339985257,127.0,843.5,139.0,846.0
7673,84,964,380,1219,121,1029,433,1154,0.4024627929579965,232.0,1091.5,277.0,1091.5
7707,94,1005,170,1084,49,1002,172,1068,0.559472771984962,132.0,1044.5,110.5,1035.0
7720,43,785,109,843,41,795,103,848,0.4955783560716287,76.0,814.0,72.0,821.5
7761,22,452,46,476,25,452,42,474,0.5251240081276384,34.0,464.0,33.5,463.0
7815,8,197,602,598,48,195,630,766,0.6385456571688216,305.0,397.5,339.0,480.5
7862,24,251,823,773,174,282,661,623,0.398207549573068,423.5,512.0,417.5,452.5
7876,22,296,664,728,246,396,727,762,0.4370866247448253,343.0,512.0,486.5,579.0
7994,45,637,892,1490,17,622,677,1500,0.6939152523125606,468.5,1063.5,347.0,1061.0
8127,33,510,665,987,14,514,669,1154,0.6906921109678703,349.0,748.5,341.5,834.0
8180,71,749,624,1623,31,716,934,1380,0.4910373759567331,347.5,1186.0,482.5,1048.0
8271,45,530,518,856,34,549,494,853,0.8358360610960831,281.5,693.0,264.0,701.0
8288,107,471,372,781,77,452,502,721,0.5313835068232742,239.5,626.0,289.5,586.5
8296,86,548,577,1143,24,550,502,964,0.5402277433511701,331.5,845.5,263.0,757.0
8316,38,752,358,959,96,738,337,962,0.6972844240075632,198.0,855.5,216.5,850.0
8324,33,636,794,1263,16,490,751,1171,0.6594924118925575,413.5,949.5,383.5,830.5
8374,34,594,888,1300,109,735,797,1220,0.5534916031492091,461.0,947.0,453.0,977.5
8376,33,622,813,1206,294,655,825,1137,0.5555533689974946,423.0,914.0,559.5,896.0
8387,229,800,518,1125,294,791,477,964,0.33450016781597963,373.5,962.5,385.5,877.5
8398,53,1019,61,1028,51,1021,59,1027,0.0,57.0,1023.5,55.0,1024.0
8438,60,890,367,1101,48,905,353,1042,0.6024176623213803,213.5,995.5,200.5,973.5
8506,79,350,909,1252,10,576,977,1274,0.6412538567647871,494.0,801.0,493.5,925.0
8520,52,662,388,1096,34,673,477,956,0.548356363823128,220.0,879.0,255.5,814.5
8569,19,410,776,943,332,470,771,861,0.4254628262958149,397.5,676.5,551.5,665.5
8585,111,608,763,1183,40,616,883,1073,0.6554080737048361,437.0,895.5,461.5,844.5
8636,166,701,580,1289,175,712,549,1137,0.6530197204544144,373.0,995.0,362.0,924.5
8713,38,598,835,1249,236,665,811,1176,0.5663603826148053,436.5,923.5,523.5,920.5
8723,44,686,561,1197,148,818,563,1036,0.3424810755441807,302.5,941.5,355.5,927.0
8747,41,571,1023,1216,199,539,1027,1148,0.7365100348738698,532.0,893.5,613.0,843.5
8774,116,959,795,1317,205,792,835,1309,0.5938911026850237,455.5,1138.0,520.0,1050.5
8836,39,829,534,1145,114,811,583,1217,0.6225041301070446,286.5,987.0,348.5,1014.0
8904,25,319,334,549,82,404,274,514,0.2972015226005505,179.5,434.0,178.0,459.0
8924,118,703,487,879,178,738,486,948,0.4580667501360139,302.5,791.0,332.0,843.0
8947,86,666,833,1283,50,640,629,1227,0.6242737839291834,459.5,974.5,339.5,933.5
9014,45,909,94,939,54,913,91,934,0.3765094655767413,69.5,924.0,72.5,923.5
9021,14,317,338,555,103,372,324,542,0.4872621300930797,176.0,436.0,213.5,457.0
9027,136,380,914,811,83,402,845,689,0.578799959502036,525.0,595.5,464.0,545.5
9044,15,268,428,644,225,278,403,535,0.2946175818962557,221.5,456.0,314.0,406.5
9122,119,388,587,813,72,351,647,907,0.6220835470753833,353.0,600.5,359.5,629.0
9155,55,71,590,528,0,80,865,641,0.4877023401507437,322.5,299.5,432.5,360.5
9180,39,727,414,1020,120,772,323,897,0.2309673515701969,226.5,873.5,221.5,834.5
9199,67,809,318,1060,109,791,333,995,0.6100254655091133,192.5,934.5,221.0,893.0
9209,31,555,199,677,25,562,167,694,0.5981425583168305,115.0,616.0,96.0,628.0
9211,30,180,549,699,115,194,694,820,0.5300582705293859,289.5,439.5,404.5,507.0
9292,20,448,219,590,46,470,221,544,0.4583231343164041,119.5,519.0,133.5,507.0
9323,41,516,147,616,24,529,153,605,0.6633220232864135,94.0,566.0,88.5,567.0
9333,44,1201,491,1670,83,1204,321,1656,0.5085657873184615,267.5,1435.5,202.0,1430.0
9395,180,1076,740,1569,125,1216,718,1613,0.5470700885221179,460.0,1322.5,421.5,1414.5
9407,52,947,109,992,63,948,107,992,0.4996362316901759,80.5,969.5,85.0,970.0
9427,30,412,273,587,19,397,311,616,0.6649269328204166,151.5,499.5,165.0,506.5
9454,149,242,515,639,8,231,484,595,0.5926351492902655,332.0,440.5,246.0,413.0
9467,97,714,334,872,35,652,336,881,0.5385219123924789,215.5,793.0,185.5,766.5
9481,154,257,700,772,26,252,579,987,0.4576931300583953,427.0,514.5,302.5,619.5
9523,48,854,86,892,48,854,80,880,0.5627274372747599,67.0,873.0,64.0,867.0
9636,19,481,976,1167,101,589,1007,1375,0.5776070210978186,497.5,824.0,554.0,982.0
9655,77,898,363,1265,29,792,466,1270,0.5024343603688136,220.0,1081.5,247.5,1031.0
9663,71,598,438,883,115,576,343,805,0.4486395124747452,254.5,740.5,229.0,690.5
9713,35,578,385,1068,29,544,420,894,0.5845776227207614,210.0,823.0,224.5,719.0
9743,28,484,695,1084,19,491,714,958,0.7671000045376841,361.5,784.0,366.5,724.5
9813,59,967,225,1098,59,980,259,1134,0.5185702680467505,142.0,1032.5,159.0,1057.0
9880,80,253,446,763,25,338,593,764,0.5624181737299856,263.0,508.0,309.0,551.0
9890,190,996,578,1324,117,1006,509,1298,0.6209221597090239,384.0,1160.0,313.0,1152.0
9894,29,331,344,493,16,338,273,530,0.5732951850071965,186.5,412.0,144.5,434.0
9922,70,638,784,1144,26,633,606,1376,0.5095808327280097,427.0,891.0,316.0,1004.5
10004,34,640,201,842,34,636,240,783,0.6322199918085857,117.5,741.0,137.0,709.5
10006,39,656,676,1022,175,591,673,922,0.5176338389780094,357.5,839.0,424.0,756.5
10010,67,617,298,817,33,615,243,795,0.6018653603880387,182.5,717.0,138.0,705.0
10058,67,894,91,925,69,899,93,926,0.38062778477441206,79.0,909.5,81.0,912.5
10167,55,762,458,1310,75,838,602,1133,0.4364792670643624,256.5,1036.0,338.5,985.5
10201,18,240,400,478,147,289,321,479,0.34874728922451315,209.0,359.0,234.0,384.0
10255,53,1082,78,1099,60,1081,78,1099,0.2026084757397308,65.5,1090.5,69.0,1090.0
10273,27,540,370,772,114,550,247,693,0.23902812519112576,198.5,656.0,180.5,621.5
10323,84,786,233,908,91,797,189,897,0.5391671304879416,158.5,847.0,140.0,847.0
10326,15,382,377,846,49,562,230,704,0.15303254463377372,196.0,614.0,139.5,633.0
10358,92,485,521,878,48,482,587,902,0.7385217982884367,306.5,681.5,317.5,692.0
10412,28,568,975,1302,342,703,993,1136,0.39838313071400894,501.5,935.0,667.5,919.5
10417,123,564,812,1076,69,634,575,1146,0.465700104754632,467.5,820.0,322.0,890.0
10477,40,723,121,780,40,719,121,774,0.8963758667785016,80.5,751.5,80.5,746.5
10521,55,835,318,999,44,823,325,1004,0.8479520025166633,186.5,917.0,184.5,913.5
10544,27,540,126,609,27,552,111,594,0.5140070674985182,76.5,574.5,69.0,573.0
10598,95,494,520,977,145,472,468,819,0.5056375327095868,307.5,735.5,306.5,645.5
10626,68,579,712,906,20,482,749,1024,0.5329216618832853,390.0,742.5,384.5,753.0
10637,18,284,370,544,63,332,352,493,0.5084533803030654,194.0,414.0,207.5,412.5
10727,24,491,442,757,16,457,390,850,0.5951523170316833,233.0,624.0,203.0,653.5
10732,27,526,471,858,49,536,477,863,0.8706439213052609,249.0,692.0,263.0,699.5
10766,6,172,479,725,3,179,682,589,0.5692823431254144,242.5,448.5,342.5,384.0
10785,249,914,727,1313,149,751,738,1439,0.470601847336834,488.0,1113.5,443.5,1095.0
10845,33,556,109,614,32,554,112,604,0.8399059585440964,71.0,585.0,72.0,579.0
10867,28,687,206,819,46,732,206,864,0.3940001294336167,117.0,753.0,126.0,798.0
10878,32,446,120,585,39,484,117,583,0.5922635475348773,76.0,515.5,78.0,533.5
10896,85,355,734,1286,158,425,884,958,0.4571036235308535,409.5,820.5,521.0,691.5
10916,30,733,243,887,65,746,199,952,0.4146730608945907,136.5,810.0,132.0,849.0
11031,47,822,86,849,51,820,88,850,0.5152623349444837,66.5,835.5,69.5,835.0
11036,46,780,426,1059,41,771,367,978,0.6135092519487644,236.0,919.5,204.0,874.5
11109,31,593,935,1124,141,561,732,1162,0.5923587126134089,483.0,858.5,436.5,861.5
11131,57,727,564,1150,22,737,479,1391,0.4917104089052545,310.5,938.5,250.5,1064.0
11174,232,901,502,1150,186,933,452,1159,0.5415250703771202,367.0,1025.5,319.0,1046.0
11184,181,505,363,672,94,492,322,708,0.4063858865363528,272.0,588.5,208.0,600.0
11212,26,478,49,493,33,484,48,493,0.14573344743748992,37.5,485.5,40.5,488.5
11214,5,148,967,799,97,255,990,778,0.7266085090808452,486.0,473.5,543.5,516.5
11258,28,575,41,585,32,577,41,585,0.10594786379539634,34.5,580.0,36.5,581.0
11372,31,433,378,724,32,424,507,701,0.6938461963188729,204.5,578.5,269.5,562.5
11383,125,288,853,808,8,248,748,1092,0.4686302232842007,489.0,548.0,378.0,670.0
11687,68,697,486,1049,108,687,457,1009,0.7512583632399821,277.0,873.0,282.5,848.0
11703,30,310,228,551,25,303,341,520,0.5784720090271509,129.0,430.5,183.0,411.5
11796,38,1103,799,1641,258,1109,636,1634,0.4719713125358917,418.5,1372.0,447.0,1371.5
11805,34,529,594,928,15,571,632,1047,0.6137526784174213,314.0,728.5,323.5,809.0
11891,105,734,295,1083,102,788,272,1100,0.6532905444154655,200.0,908.5,187.0,944.0
11910,132,772,306,919,98,786,301,943,0.5658962908376766,219.0,845.5,199.5,864.5
11921,31,626,330,833,28,603,286,829,0.7675398396342745,180.5,729.5,157.0,716.0
11938,41,603,76,631,53,610,67,628,0.2004010749901092,58.5,617.0,60.0,619.0
11979,238,916,586,1210,274,974,484,1175,0.4126028366383436,412.0,1063.0,379.0,1074.5
12016,34,710,47,725,34,709,50,719,0.4785124930755992,40.5,717.5,42.0,714.0
12215,80,983,148,1035,55,992,147,1030,0.4438057413629515,114.0,1009.0,101.0,1011.0
12233,23,419,301,636,67,403,309,631,0.7884416339834578,162.0,527.5,188.0,517.0
12338,56,768,168,824,44,769,129,823,0.4532056286698834,112.0,796.0,86.5,796.0
12371,66,939,801,1422,30,906,842,1710,0.5437245721821925,433.5,1180.5,436.0,1308.0
12433,31,574,156,667,64,591,160,658,0.5318020830439153,93.5,620.5,112.0,624.5
12466,27,465,218,596,22,475,206,625,0.6413838936969017,122.5,530.5,114.0,550.0
12488,21,325,481,910,21,321,631,772,0.624441972514734,251.0,617.5,326.0,546.5
12515,78,411,425,811,86,391,369,633,0.4465926485760801,251.5,611.0,227.5,512.0
12543,32,641,86,680,31,639,86,679,0.7432815799810649,59.0,660.5,58.5,659.0
12564,22,588,915,1249,42,734,648,1453,0.4221210729188512,468.5,918.5,345.0,1093.5
12582,184,733,873,1348,39,728,878,1282,0.7592569533820331,528.5,1040.5,458.5,1005.0
12667,61,486,601,901,146,451,489,801,0.4680233539054845,331.0,693.5,317.5,626.0
12669,48,740,229,886,34,724,174,860,0.5425891911218271,138.5,813.0,104.0,792.0
12677,63,812,473,1166,37,808,578,1207,0.6592022308431721,268.0,989.0,307.5,1007.5
12695,229,283,770,803,290,291,624,730,0.5212592921456229,499.5,543.0,457.0,510.5
12701,45,861,465,1176,40,856,469,1176,0.9391658047129524,255.0,1018.5,254.5,1016.0
12780,33,935,307,1135,130,931,314,1145,0.5832290749595985,170.0,1035.0,222.0,1038.0
12788,100,598,418,869,26,559,440,819,0.6029499212615025,259.0,733.5,233.0,689.0
12796,37,661,777,1399,276,683,1047,1319,0.45392522165182503,407.0,1030.0,661.5,1001.0
12831,139,1043,349,1197,93,1080,321,1225,0.4085843725511509,244.0,1120.0,207.0,1152.5
12908,276,545,926,1180,383,753,765,1116,0.3359899890655328,601.0,862.5,574.0,934.5
12975,144,928,556,1167,115,916,414,1235,0.4876925278173545,350.0,1047.5,264.5,1075.5
13007,48,858,101,921,46,858,124,909,0.595213995721178,74.5,889.5,85.0,883.5
13017,38,650,641,1257,45,745,806,1218,0.6461260001261789,339.5,953.5,425.5,981.5
13110,43,435,652,922,13,353,873,993,0.5387960423328488,347.5,678.5,443.0,673.0
13134,109,813,270,1026,48,854,282,1018,0.5672495369263144,189.5,919.5,165.0,936.0
13145,115,692,306,854,98,695,331,794,0.5471006868324314,210.5,773.0,214.5,744.5
13194,36,637,117,699,51,636,128,699,0.6157124763356779,76.5,668.0,89.5,667.5
13209,40,761,152,920,39,766,198,891,0.6006485849297051,96.0,840.5,118.5,828.5
13260,67,745,501,1087,56,776,496,941,0.4701014882746046,284.0,916.0,276.0,858.5
13293,144,381,772,1089,39,325,790,970,0.6799818424177139,458.0,735.0,414.5,647.5
13336,10,227,492,537,108,253,365,533,0.4781602144292973,251.0,382.0,236.5,393.0
13353,43,270,926,956,12,330,822,762,0.5431399647436657,484.5,613.0,417.0,546.0
13386,135,571,627,942,28,565,490,942,0.5727275421768991,381.0,756.5,259.0,753.5
13438,45,1039,543,1404,35,1002,446,1546,0.5554119878177224,294.0,1221.5,240.5,1274.0
13502,57,490,877,1064,27,471,923,1100,0.8350714924483305,467.0,777.0,475.0,785.5
13504,81,765,657,1297,75,810,666,1073,0.495425147673937,369.0,1031.0,370.5,941.5
13526,38,388,531,729,100,391,674,834,0.518875541199903,284.5,558.5,387.0,612.5
13623,45,611,73,645,39,610,82,646,0.4770392011678735,59.0,628.0,60.5,628.0
13675,165,858,755,1309,98,928,767,1301,0.7397607011583929,460.0,1083.5,432.5,1114.5
13695,38,882,325,1010,51,872,282,1132,0.4335355039302841,181.5,946.0,166.5,1002.0
13738,18,302,585,674,235,334,530,730,0.4285392201562169,301.5,488.0,382.5,532.0
13778,76,1034,341,1243,49,1032,345,1252,0.7890946355264615,208.5,1138.5,197.0,1142.0
13832,35,351,394,659,13,402,460,648,0.6792049856024184,214.5,505.0,236.5,525.0
13844,157,997,854,1490,36,945,831,1573,0.6376965566788614,505.5,1243.5,433.5,1259.0
13855,56,1121,64,1127,56,1121,62,1127,0.0,60.0,1124.0,59.0,1124.0
13862,78,1029,135,1100,75,1037,167,1101,0.4313008614246515,106.5,1064.5,121.0,1069.0
13871,76,565,991,1214,26,600,1014,1297,0.7659141461671585,533.5,889.5,520.0,948.5
13899,152,825,355,1036,140,877,256,981,0.2409397305990104,253.5,930.5,198.0,929.0
13954,101,393,747,1133,167,390,1043,1066,0.5900550030367061,424.0,763.0,605.0,728.0
13967,51,1010,385,1249,80,1019,244,1184,0.3390211994917328,218.0,1129.5,162.0,1101.5
13983,39,694,58,709,40,695,58,708,0.3152120610808878,48.5,701.5,49.0,701.5
14020,53,972,212,1089,48,992,181,1094,0.5179839616420367,132.5,1030.5,114.5,1043.0
14045,51,1002,100,1035,48,1003,87,1038,0.3471269536771932,75.5,1018.5,67.5,1020.5
14056,301,621,774,1094,70,546,786,1093,0.5711872455649404,537.5,857.5,428.0,819.5
14067,73,135,875,757,210,129,785,575,0.5060668238359799,474.0,446.0,497.5,352.0
14100,56,789,865,1341,23,790,866,1580,0.6424287328738597,460.5,1065.0,444.5,1185.0
14182,40,792,993,1511,150,796,1020,1083,0.35475011925557204,516.5,1151.5,585.0,939.5
14203,57,1108,81,1127,54,1107,80,1128,0.24290294309738916,69.0,1117.5,67.0,1117.5
14215,53,937,216,1041,44,928,218,1058,0.743390485069222,134.5,989.0,131.0,993.0
14350,36,499,301,784,53,484,304,725,0.7430285989839224,168.5,641.5,178.5,604.5
14408,57,1076,536,1723,38,1050,717,1653,0.6537338993645664,296.5,1399.5,377.5,1351.5
14480,38,450,588,1139,141,455,600,920,0.5516302275390997,313.0,794.5,370.5,687.5
14574,35,1165,387,1523,42,1050,355,1526,0.6761846520923979,211.0,1344.0,198.5,1288.0
14575,51,844,149,916,46,843,149,916,0.7453131134339115,100.0,880.0,97.5,879.5
14676,249,545,708,960,156,592,634,908,0.5478278027297595,478.5,752.5,395.0,750.0
14681,53,970,212,1119,46,951,202,1077,0.6659361928744149,132.5,1044.5,124.0,1014.0
14685,33,828,78,859,30,823,68,863,0.4837249723321677,55.5,843.5,49.0,843.0
14941,27,313,156,411,29,302,170,403,0.8030611425638963,91.5,362.0,99.5,352.5
15026,35,749,958,1545,218,901,853,1145,0.21090759260761413,496.5,1147.0,535.5,1023.0
15092,120,298,364,525,18,293,344,596,0.4810216842484051,242.0,411.5,181.0,444.5
15096,46,842,91,877,63,841,81,877,0.2828760274773083,68.5,859.5,72.0,859.0
15139,31,516,518,901,148,634,449,953,0.3772585101251367,274.5,708.5,298.5,793.5
15150,108,408,540,702,20,380,543,729,0.6892966583305655,324.0,555.0,281.5,554.5
15247,78,113,827,601,14,102,893,598,0.8382772046680612,452.5,357.0,453.5,350.0
15331,179,641,595,961,197,682,524,976,0.6240732207123505,387.0,801.0,360.5,829.0
15352,36,733,940,1533,259,783,962,1312,0.5004454139247249,488.0,1133.0,610.5,1047.5
15374,41,755,208,924,41,749,157,883,0.5477982501908385,124.5,839.5,99.0,816.0
15421,64,282,744,893,224,337,616,922,0.4983684532661066,404.0,587.5,420.0,629.5
15471,172,352,539,646,21,257,576,665,0.4764494356120825,355.5,499.0,298.5,461.0
15490,38,671,854,1291,25,694,754,1470,0.6395270033755275,446.0,981.0,389.5,1082.0
15600,38,523,192,642,20,530,203,705,0.484033075685801,115.0,582.5,111.5,617.5
15635,46,859,575,1219,70,835,553,1214,0.8549914254106685,310.5,1039.0,311.5,1024.5
15657,15,236,657,683,9,237,690,751,0.8085075254664758,336.0,459.5,349.5,494.0
15705,60,261,580,678,16,210,629,590,0.6319435036576484,320.0,469.5,322.5,400.0
15722,17,322,202,438,37,376,193,433,0.41439372269006935,109.5,380.0,115.0,404.5
15763,51,316,820,848,13,335,845,881,0.8311121810692509,435.5,582.0,429.0,608.0
15792,32,502,613,987,20,497,522,996,0.791230698287208,322.5,744.5,271.0,746.5
15826,172,211,868,713,294,245,672,612,0.3970894410501635,520.0,462.0,483.0,428.5
15840,42,647,659,976,26,551,645,1006,0.6806499048321322,350.5,811.5,335.5,778.5
15842,81,221,749,765,9,293,507,756,0.4957932119749591,415.0,493.0,258.0,524.5
15887,35,590,691,1078,54,618,665,1039,0.8036058253966141,363.0,834.0,359.5,828.5
15913,45,701,408,1260,44,697,620,1019,0.4367325638047971,226.5,980.5,332.0,858.0
15953,36,736,914,1323,61,795,676,1523,0.4897104330872451,475.0,1029.5,368.5,1159.0
15960,23,469,184,551,22,475,144,563,0.5519512902384511,103.5,510.0,83.0,519.0
15980,65,589,518,1213,169,693,680,1055,0.3777501786168365,291.5,901.0,424.5,874.0
16044,34,681,807,1139,123,678,589,1101,0.5568327159859706,420.5,910.0,356.0,889.5
16045,22,128,715,655,60,128,625,660,0.7911059158349634,368.5,391.5,342.5,394.0
16066,72,725,414,1107,34,715,344,1023,0.5778552043015154,243.0,916.0,189.0,869.0
16073,43,516,637,932,98,556,505,937,0.5900921978718342,340.0,724.0,301.5,746.5
16118,42,777,220,999,56,798,272,952,0.5424782274307095,131.0,888.0,164.0,875.0
16228,14,370,292,628,11,417,186,626,0.48124510533284603,153.0,499.0,98.5,521.5
16236,61,927,283,1208,48,916,344,1112,0.5669371081491112,172.0,1067.5,196.0,1014.0
16237,34,488,429,735,42,570,475,744,0.5546862736502777,231.5,611.5,258.5,657.0
16238,186,512,871,1070,50,688,832,1003,0.4767285546741988,528.5,791.0,441.0,845.5
16332,44,620,405,872,27,651,324,922,0.5293702025850678,224.5,746.0,175.5,786.5
16356,15,446,668,913,127,390,753,866,0.6275662060928422,341.5,679.5,440.0,628.0
16456,261,441,729,901,345,476,927,834,0.4940588641621424,495.0,671.0,636.0,655.0
16468,122,837,553,1187,38,799,488,1247,0.5591799136824589,337.5,1012.0,263.0,1023.0
16515,17,226,747,794,5,180,754,926,0.7411819124979384,382.0,510.0,379.5,553.0
16538,55,1036,71,1052,56,1036,72,1047,0.2489010753906825,63.0,1044.0,64.0,1041.5
16681,42,572,130,636,39,570,137,649,0.6566386464015903,86.0,604.0,88.0,609.5
16809,48,984,486,1414,128,1077,512,1445,0.5513595483178659,267.0,1199.0,320.0,1261.0
16818,24,507,119,567,28,512,123,560,0.7584650112866812,71.5,537.0,75.5,536.0
16845,37,667,946,1343,83,784,865,1197,0.5256415135788451,491.5,1005.0,474.0,990.5
16852,40,706,103,749,65,715,100,744,0.3318634199883673,71.5,727.5,82.5,729.5
16891,133,902,471,1177,202,986,345,1120,0.20617446360020614,302.0,1039.5,273.5,1053.0
16944,40,760,594,1303,173,874,581,1151,0.3757281805528617,317.0,1031.5,377.0,1012.5
17007,16,345,603,911,73,475,370,849,0.33436202801238585,309.5,628.0,221.5,662.0
17132,35,880,162,1040,31,912,149,1047,0.5840754651281087,98.5,960.0,90.0,979.5
17177,40,714,103,761,56,714,89,745,0.3455259406386436,71.5,737.5,72.5,729.5
17180,45,663,146,760,35,667,161,735,0.6070248909976018,95.5,711.5,98.0,701.0
17190,57,942,225,1082,118,942,277,1063,0.4475428065803223,141.0,1012.0,197.5,1002.5
17191,62,1045,360,1222,176,1084,263,1199,0.1897016001224738,211.0,1133.5,219.5,1141.5
17194,-4,124,613,784,0,64,887,724,0.6000541418996183,304.5,454.0,443.5,394.0
17208,50,867,442,1157,159,876,439,1132,0.6306049324144236,246.0,1012.0,299.0,1004.0
17216,62,759,406,1096,131,843,406,1006,0.3867010812598753,234.0,927.5,268.5,924.5
17222,39,652,388,870,49,670,299,852,0.5980987678431892,213.5,761.0,174.0,761.0
17240,20,431,208,607,19,432,202,568,0.7436501717137479,114.0,519.0,110.5,500.0
17285,54,863,398,1118,93,855,344,1096,0.689660849349869,226.0,990.5,218.5,975.5
17324,56,760,343,921,49,744,263,932,0.6146932250361418,199.5,840.5,156.0,838.0
17366,64,910,216,1076,90,912,232,1038,0.5986716472332391,140.0,993.0,161.0,975.0
17403,180,206,769,701,198,222,775,516,0.5818969508207701,474.5,453.5,486.5,369.0
17415,194,694,614,1167,253,727,579,1173,0.6831467785552088,404.0,930.5,416.0,950.0
17419,41,741,213,858,90,729,243,863,0.5546769316706993,127.0,799.5,166.5,796.0
17449,38,901,226,1159,32,901,276,1137,0.7313629049955087,132.0,1030.0,154.0,1019.0
17580,32,462,941,1192,25,468,1015,1455,0.6624447252846349,486.5,827.0,520.0,961.5
17591,58,595,226,718,42,570,248,685,0.5799834774063449,142.0,656.5,145.0,627.5
17604,32,476,364,719,33,462,367,689,0.8683974468094171,198.0,597.5,200.0,575.5
17622,62,253,469,530,211,338,435,528,0.3685726002936112,265.5,391.5,323.0,433.0
17653,31,591,76,617,28,591,78,628,0.4254080329574669,53.5,604.0,53.0,609.5
17736,40,438,896,1022,16,401,919,972,0.8462862087633278,468.0,730.0,467.5,686.5
17775,50,572,836,1197,115,562,841,1081,0.7559792736982056,443.0,884.5,478.0,821.5
17852,37,944,340,1180,31,949,242,1213,0.5446863569073649,188.5,1062.0,136.5,1081.0
17919,34,628,546,1036,75,658,395,1095,0.5091298825727464,290.0,832.0,235.0,876.5
17925,66,569,828,1281,391,671,842,882,0.17280606254282674,447.0,925.0,616.5,776.5
17990,42,765,574,1178,33,741,589,1156,0.9067490967323116,308.0,971.5,311.0,948.5
17997,29,912,892,1401,78,857,730,1613,0.5267359629492807,460.5,1156.5,404.0,1235.0
18064,26,432,929,1102,305,459,933,902,0.4598797097276379,477.5,767.0,619.0,680.5
18093,43,478,575,1184,32,478,587,1161,0.9467525032966968,309.0,831.0,309.5,819.5
18096,153,546,700,1061,162,542,595,1388,0.5144950727969543,426.5,803.5,378.5,965.0
18120,74,955,225,1025,69,925,230,1044,0.5516437705516986,149.5,990.0,149.5,984.5
18159,124,868,301,1066,108,862,242,1016,0.4769828575750502,212.5,967.0,175.0,939.0
18167,41,496,187,609,53,494,138,593,0.5101128369595357,114.0,552.5,95.5,543.5
18168,159,718,587,1074,35,713,656,1082,0.658044639122198,373.0,896.0,345.5,897.5
18232,77,490,229,592,27,462,236,590,0.5794875,153.0,541.0,131.5,526.0
18269,128,530,371,673,136,498,297,655,0.5372958471136361,249.5,601.5,216.5,576.5
18281,123,799,476,1065,89,862,390,1001,0.3739617657274236,299.5,932.0,239.5,931.5
18346,24,731,711,1155,21,608,751,1336,0.5480559822369412,367.5,943.0,386.0,972.0
18371,51,889,352,1125,101,887,354,1088,0.7159480518128957,201.5,1007.0,227.5,987.5
18374,35,546,457,863,35,596,397,783,0.5053465941733091,246.0,704.5,216.0,689.5
18453,22,276,532,728,98,269,477,603,0.5384615928138529,277.0,502.0,287.5,436.0
18490,37,514,299,787,73,509,378,767,0.6483023287382141,168.0,650.5,225.5,638.0
18493,17,387,462,712,50,423,358,781,0.5166093421014091,239.5,549.5,204.0,602.0
18546,51,784,89,818,46,793,89,824,0.3161937913712593,70.0,801.0,67.5,808.5
18712,36,594,345,789,40,574,361,834,0.7075137927487171,190.5,691.5,200.5,704.0
18713,170,165,681,675,150,166,564,752,0.643571083592409,425.5,420.0,357.0,459.0
18729,67,918,282,1046,105,921,282,1065,0.6193873162834227,174.5,982.0,193.5,993.0
18750,20,207,578,652,8,208,790,767,0.5617973315927081,299.0,429.5,399.0,487.5
18756,64,726,703,1165,91,718,670,1243,0.756062040995887,383.5,945.5,380.5,980.5
18784,108,493,636,971,20,485,759,1032,0.6242903513567669,372.0,732.0,389.5,758.5
18796,33,467,287,677,76,461,312,654,0.7081070838391997,160.0,572.0,194.0,557.5
18830,34,541,531,993,28,536,597,949,0.8216788059408384,282.5,767.0,312.5,742.5
18864,153,406,571,797,59,340,737,805,0.5183546046246076,362.0,601.5,398.0,572.5
18994,47,252,368,532,49,228,371,562,0.8252394134012478,207.5,392.0,210.0,395.0
19022,48,1034,343,1319,49,1028,345,1238,0.7394138164931572,195.5,1176.5,197.0,1133.0
19043,62,621,385,831,30,613,388,870,0.7338306536100612,223.5,726.0,209.0,741.5
19080,47,786,874,1346,37,779,988,1529,0.647585242857078,460.5,1066.0,512.5,1154.0
19082,41,966,573,1409,33,960,564,1475,0.8064198783856953,307.0,1187.5,298.5,1217.5
19125,59,420,192,544,19,418,219,568,0.5345615983033271,125.5,482.0,119.0,493.0
19179,31,489,211,589,32,506,148,608,0.4282773070617618,121.0,539.0,90.0,557.0
19187,17,316,249,466,16,319,260,476,0.8390421319180739,133.0,391.0,138.0,397.5
19200,24,431,446,724,145,383,479,685,0.5419252337398082,235.0,577.5,312.0,534.0
19229,28,781,371,1206,26,779,414,1350,0.6429914860420296,199.5,993.5,220.0,1064.5
19237,27,676,653,1302,44,704,531,1220,0.6413179978186246,340.0,989.0,287.5,962.0
19239,19,426,1040,1181,44,537,988,1033,0.6074694035618998,529.5,803.5,516.0,785.0
19261,65,606,135,668,38,617,123,672,0.3926811430082807,100.0,637.0,80.5,644.5
19262,73,685,146,764,76,704,129,752,0.4411746879560505,109.5,724.5,102.5,728.0
19388,48,967,98,1003,63,975,90,991,0.2400240024002401,73.0,985.0,76.5,983.0
19394,22,377,315,582,68,363,279,591,0.6553332184499842,168.5,479.5,173.5,477.0
19471,81,255,806,856,8,267,829,813,0.8258135780663909,443.5,555.5,418.5,540.0
19545,27,427,587,797,274,443,552,742,0.4012080744754013,307.0,612.0,413.0,592.5
19558,75,758,985,1357,37,676,1020,1329,0.8116667207729094,530.0,1057.5,528.5,1002.5
19633,37,786,347,1021,27,796,244,1063,0.5136832608709895,192.0,903.5,135.5,929.5
19666,134,66,854,677,389,124,985,636,0.4824199876282078,494.0,371.5,687.0,380.0
19745,80,335,373,570,123,400,311,597,0.4118688675204233,226.5,452.5,217.0,498.5
19771,64,745,549,1116,32,729,560,1119,0.8737228365384614,306.5,930.5,296.0,924.0
19799,86,1277,327,1543,155,1332,305,1489,0.3673970491923309,206.5,1410.0,230.0,1410.5
19834,75,376,545,765,19,373,617,770,0.7673525760782084,310.0,570.5,318.0,571.5
19846,33,346,736,907,117,437,787,1163,0.4876369541259599,384.5,626.5,452.0,800.0
19861,51,1029,224,1254,47,987,318,1189,0.4655851435893593,137.5,1141.5,182.5,1088.0
19871,58,606,639,1024,23,475,598,894,0.4878617601500001,348.5,815.0,310.5,684.5
19926,65,859,531,1199,60,850,360,1190,0.614073129547364,298.0,1029.0,210.0,1020.0
19947,103,921,900,1406,149,1000,767,1457,0.5676383856828053,501.5,1163.5,458.0,1228.5
19959,442,551,982,1216,327,703,1044,1242,0.5782728388199703,712.0,883.5,685.5,972.5
19962,217,749,895,1249,165,797,801,1160,0.5889200621666113,556.0,999.0,483.0,978.5
19963,28,477,564,826,30,472,396,775,0.5921772656554943,296.0,651.5,213.0,623.5
19964,51,1015,202,1091,48,1021,177,1129,0.41214701267809867,126.5,1053.0,112.5,1075.0
20028,36,355,539,674,16,404,525,689,0.7273242952633453,287.5,514.5,270.5,546.5
20098,34,733,374,1008,129,749,376,984,0.6208642254599792,204.0,870.5,252.5,866.5
20243,98,251,472,656,210,345,417,545,0.2733487846705051,285.0,453.5,313.5,445.0
20259,134,1022,650,1415,33,1081,655,1552,0.5044156090259064,392.0,1218.5,344.0,1316.5
20270,71,463,423,745,112,466,369,746,0.6880734740944947,247.0,604.0,240.5,606.0
20275,48,544,1008,1201,356,591,754,1204,0.3738430180018844,528.0,872.5,555.0,897.5
20303,79,136,689,836,234,251,745,517,0.2792204527897514,384.0,486.0,489.5,384.0
20305,68,643,133,714,62,653,162,717,0.4728017345958912,100.5,678.5,112.0,685.0
20309,64,577,344,793,68,599,331,846,0.6397038259892586,204.0,685.0,199.5,722.5
20311,38,1096,759,1644,29,952,587,1663,0.6022984483782245,398.5,1370.0,308.0,1307.5
20372,41,688,608,1079,83,742,605,1083,0.7423067804131916,324.5,883.5,344.0,912.5
20379,198,290,635,690,115,358,576,733,0.5423106711420347,416.5,490.0,345.5,545.5
20383,23,402,749,874,37,388,751,934,0.8365127132291821,386.0,638.0,394.0,661.0
20427,69,746,845,1272,130,767,585,1271,0.5417287864603402,457.0,1009.0,357.5,1019.0
20438,78,585,890,1115,18,657,897,1451,0.4794274427853454,484.0,850.0,457.5,1054.0
20476,33,482,790,1210,21,435,770,1001,0.6550457486711705,411.5,846.0,395.5,718.0
20483,25,403,647,824,105,461,633,844,0.6768405639196483,336.0,613.5,369.0,652.5
20486,94,651,566,1010,33,639,468,1008,0.6718251116602263,330.0,830.5,250.5,823.5
20558,140,1064,379,1213,95,1060,379,1210,0.7481707831423837,259.5,1138.5,237.0,1135.0
20671,39,724,146,796,54,727,151,807,0.5846020003707149,92.5,760.0,102.5,767.0
20710,19,496,868,1071,55,440,657,1237,0.5480984242988998,443.5,783.5,356.0,838.5
20735,27,534,390,794,105,564,384,761,0.5824167922195909,208.5,664.0,244.5,662.5
20754,15,283,327,453,55,281,259,421,0.5385153900005386,171.0,368.0,157.0,351.0
20768,49,456,412,730,115,453,289,667,0.3744115739920496,230.5,593.0,202.0,560.0
20834,58,231,874,864,7,336,681,778,0.5101474931550432,466.0,547.5,344.0,557.0
20852,78,651,725,1166,31,714,504,1169,0.5184654829045601,401.5,908.5,267.5,941.5
20859,73,443,917,978,114,483,849,1251,0.5409010568607387,495.0,710.5,481.5,867.0
20917,32,371,247,507,81,362,243,524,0.6478191649176003,139.5,439.0,162.0,443.0
20930,38,645,356,953,45,638,469,989,0.6358658231933709,197.0,799.0,257.0,813.5
20968,212,536,814,1000,228,485,834,917,0.7368293946258551,513.0,768.0,531.0,701.0
21040,117,690,613,1122,42,796,627,1095,0.6257329688169934,365.0,906.0,334.5,945.5
21053,35,486,132,574,42,505,93,577,0.3592362553433478,83.5,530.0,67.5,541.0
21067,105,461,974,1098,32,515,861,915,0.5178714839873546,539.5,779.5,446.5,715.0
21080,212,457,871,998,12,399,808,1073,0.5532614635774119,541.5,727.5,410.0,736.0
21098,57,544,907,1424,24,776,596,1208,0.3050805201869439,482.0,984.0,310.0,992.0
21223,32,599,302,802,32,597,314,784,0.9018683434464992,167.0,700.5,173.0,690.5
21231,41,686,438,1063,73,686,408,883,0.4409837719234847,239.5,874.5,240.5,784.5
21296,136,764,540,1126,39,734,500,998,0.4859896479869116,338.0,945.0,269.5,866.0
21299,44,132,814,657,283,186,768,622,0.5231444603953284,429.0,394.5,525.5,404.0
21356,74,141,908,991,241,240,653,896,0.38129359557482057,491.0,566.0,447.0,568.0
21390,31,834,232,1026,29,833,196,1068,0.6304337405918311,131.5,930.0,112.5,950.5
21424,40,571,64,589,40,576,61,584,0.32297457853610256,52.0,580.0,50.5,580.0
21486,66,724,157,820,76,736,129,794,0.3519124806253521,111.5,772.0,102.5,765.0
21553,29,74,896,653,0,65,886,668,0.9008461963066786,462.5,363.5,443.0,366.5
21563,51,529,487,821,24,604,503,772,0.5529564528585843,269.0,675.0,263.5,688.0
21578,32,556,956,1115,151,670,838,1142,0.5492344951471274,494.0,835.5,494.5,906.0
21605,145,840,563,1200,165,834,616,1211,0.8045013693497053,354.0,1020.0,390.5,1022.5
21655,82,888,505,1279,30,885,458,1424,0.5652028298912335,293.5,1083.5,244.0,1154.5
21656,63,775,457,1048,78,741,334,1025,0.5774331127040729,260.0,911.5,206.0,883.0
21659,78,852,681,1366,51,786,625,1250,0.6269080371434672,379.5,1109.0,338.0,1018.0
21732,241,817,623,1175,214,800,761,1186,0.6476320409961068,432.0,996.0,487.5,993.0
21781,98,924,380,1384,37,928,613,1405,0.4521565673347252,239.0,1154.0,325.0,1166.5
21793,41,641,742,1361,106,714,624,1087,0.382852518886379,391.5,1001.0,365.0,900.5
21822,170,369,823,1134,62,305,867,943,0.6027768424873721,496.5,751.5,464.5,624.0
21836,205,349,603,729,201,363,644,745,0.8180926052902605,404.0,539.0,422.5,554.0
21839,97,393,282,565,57,364,306,550,0.6256578261220794,189.5,479.0,181.5,457.0
21997,83,862,399,1155,131,910,356,1144,0.5666109866096025,241.0,1008.5,243.5,1027.0
22052,39,578,843,1292,160,721,891,1183,0.5393406756614243,441.0,935.0,525.5,952.0
22125,63,783,454,1148,153,861,470,1172,0.5358339613031516,258.5,965.5,311.5,1016.5
22164,17,350,144,454,16,388,112,458,0.4133972984816732,80.5,402.0,64.0,423.0
22165,11,213,570,648,156,330,622,614,0.4650780529150305,290.5,430.5,389.0,472.0
22254,50,1333,73,1364,49,1328,78,1363,0.4298057626363251,61.5,1348.5,63.5,1345.5
22326,105,451,424,687,86,424,384,692,0.7199564281394498,264.5,569.0,235.0,558.0
22330,46,831,60,845,47,831,59,842,0.2548010485866548,53.0,838.0,53.0,836.5
22331,71,787,336,938,99,809,233,943,0.3822097179191189,203.5,862.5,166.0,876.0
22391,20,484,348,670,19,482,303,670,0.8122592671714765,184.0,577.0,161.0,576.0
22393,24,421,488,873,9,434,663,923,0.6150027045490567,256.0,647.0,336.0,678.5
22408,147,302,815,965,13,425,761,991,0.6000809635976249,481.0,633.5,387.0,708.0
22413,331,827,712,1262,323,843,690,1301,0.7637428458713414,521.5,1044.5,506.5,1072.0
22454,70,840,401,1055,121,818,372,1029,0.6644282462209563,235.5,947.5,246.5,923.5
22475,32,656,171,759,52,656,172,762,0.7345649595614899,101.5,707.5,112.0,709.0
22476,236,821,728,1308,434,857,817,1237,0.4230309290789289,482.0,1064.5,625.5,1047.0
22483,37,768,40,770,37,768,40,770,0.0,38.5,769.0,38.5,769.0
22537,230,635,903,1233,216,693,736,1213,0.6374556607160531,566.5,934.0,476.0,953.0
22538,95,327,584,772,72,371,499,611,0.4331324189869998,339.5,549.5,285.5,491.0
22604,343,925,686,1270,135,926,793,1306,0.4525882261768395,514.5,1097.5,464.0,1116.0
22610,34,481,74,508,25,476,67,509,0.5480615048042862,54.0,494.5,46.0,492.5
22626,20,496,272,751,58,526,199,722,0.4301083703141556,146.0,623.5,128.5,624.0
22723,85,416,371,654,35,382,430,652,0.6381734008438821,228.0,535.0,232.5,517.0
22880,40,730,71,754,39,731,72,749,0.5668906265920131,55.5,742.0,55.5,740.0
22891,41,1043,354,1280,59,1069,350,1326,0.6318298793235296,197.5,1161.5,204.5,1197.5
22892,35,657,490,955,87,655,492,958,0.8362926671460809,262.5,806.0,289.5,806.5
22992,60,880,709,1297,89,794,541,1233,0.5352976097063661,384.5,1088.5,315.0,1013.5
22998,79,571,495,908,28,544,475,893,0.7770854046315236,287.0,739.5,251.5,718.5
23024,50,531,362,839,15,492,379,852,0.73326,206.0,685.0,197.0,672.0
23031,16,279,398,440,28,279,401,546,0.5688996510231058,207.0,359.5,214.5,412.5
23060,33,460,370,661,56,505,224,653,0.3671034537795424,201.5,560.5,140.0,579.0
23092,61,831,145,901,54,832,142,884,0.6661660663074493,103.0,866.0,98.0,858.0
23104,83,1146,138,1186,54,1147,124,1183,0.30037027565443025,110.5,1166.0,89.0,1165.0
23115,108,374,540,708,112,363,412,629,0.530018212600781,324.0,541.0,262.0,496.0
23135,36,453,422,715,132,478,307,672,0.3357334507330414,229.0,584.0,219.5,575.0
23173,204,503,633,839,132,519,657,713,0.5191302608752851,418.5,671.0,394.5,616.0
23181,85,862,324,1048,30,854,324,1148,0.5013208803378446,204.5,955.0,177.0,1001.0
23259,105,744,766,1185,204,712,729,1137,0.6907180949146293,435.5,964.5,466.5,924.5
23261,112,968,334,1169,44,941,360,1177,0.5982827960738039,223.0,1068.5,202.0,1059.0
23267,41,828,336,1068,79,876,270,1070,0.4730207553664013,188.5,948.0,174.5,973.0
23294,31,373,720,774,13,275,640,723,0.6298516158079566,375.5,573.5,326.5,499.0
23334,77,644,758,1159,27,645,749,1223,0.7828723856624541,417.5,901.5,388.0,934.0
23342,25,507,49,526,36,510,48,526,0.24828810667603746,37.0,516.5,42.0,518.0
23371,29,471,120,532,25,469,115,533,0.7765025734478348,74.5,501.5,70.0,501.0
23372,30,531,61,554,28,533,49,552,0.35135223492383005,45.5,542.5,38.5,542.5
23416,50,758,69,770,41,756,70,770,0.23562982941068264,59.5,764.0,55.5,763.0
23435,40,560,176,654,69,553,180,669,0.6514043557541633,108.0,607.0,124.5,611.0
23464,97,514,1031,1107,146,488,999,1163,0.7963772685457049,564.0,810.5,572.5,825.5
23489,36,208,960,809,153,125,748,646,0.4339421849171141,498.0,508.5,450.5,385.5
23511,98,1135,882,1723,36,1051,941,1860,0.6295828023137493,490.0,1429.0,488.5,1455.5
23546,51,747,336,916,47,709,352,918,0.7555131147540988,193.5,831.5,199.5,813.5
23561,42,783,104,823,43,794,91,826,0.3302513058203408,73.0,803.0,67.0,810.0
23609,32,596,321,777,43,678,288,777,0.41233009007064136,176.5,686.5,165.5,727.5
23680,35,825,122,880,40,826,99,868,0.5179201305710504,78.5,852.5,69.5,847.0
23685,105,571,719,1042,139,500,800,1054,0.7175859024232278,412.0,806.5,469.5,777.0
23728,36,595,322,811,61,598,220,850,0.4703633130017472,179.0,703.0,140.5,724.0
23820,42,1194,365,1407,67,1228,248,1443,0.3834360090324103,203.5,1300.5,157.5,1335.5
23835,79,913,212,1015,71,917,179,1026,0.5243712746362896,145.5,964.0,125.0,971.5
23858,182,1155,539,1545,255,1224,553,1587,0.5562357933334733,360.5,1350.0,404.0,1405.5
23861,19,372,147,450,21,383,161,472,0.5503457672164872,83.0,411.0,91.0,427.5
23883,25,378,858,994,130,369,664,874,0.5173503743215605,441.5,686.0,397.0,621.5
23916,13,303,462,730,53,283,367,806,0.5947311619884263,237.5,516.5,210.0,544.5
23961,35,695,1046,1442,38,696,1061,1458,0.9436442119070412,540.5,1068.5,549.5,1077.0
23986,25,173,762,724,250,202,745,644,0.5388300565842266,393.5,448.5,497.5,423.0
24053,78,847,646,1161,53,812,662,1198,0.7586298986702064,362.0,1004.0,357.5,1005.0
24077,265,840,916,1335,138,731,857,1439,0.5324157803681601,590.5,1087.5,497.5,1085.0
24142,218,725,908,1199,258,704,924,1249,0.8123607433672276,563.0,962.0,591.0,976.5
24164,42,527,442,775,84,484,456,770,0.7631287112034477,242.0,651.0,270.0,627.0
24291,53,371,258,545,22,353,291,527,0.6693311451376042,155.5,458.0,156.5,440.0
24307,20,348,262,739,60,402,270,707,0.6483830752068992,141.0,543.5,165.0,554.5
24380,196,875,878,1493,31,836,955,1681,0.5397600507185122,537.0,1184.0,493.0,1258.5
24381,37,304,510,676,56,289,446,632,0.7148593313869938,273.5,490.0,251.0,460.5
24422,16,330,281,686,15,328,377,598,0.6031923558224158,148.5,508.0,196.0,463.0
24450,24,444,69,471,30,432,63,467,0.5928866905477496,46.5,457.5,46.5,449.5
24527,44,696,860,1238,157,750,758,1138,0.5273029292655046,452.0,967.0,457.5,944.0
24544,53,730,563,1149,97,795,619,1123,0.6720302621672198,308.0,939.5,358.0,959.0
24558,35,615,79,666,32,617,80,649,0.6031652262488846,57.0,640.5,56.0,633.0
24662,58,1508,87,1553,59,1514,80,1544,0.3417962350194997,72.5,1530.5,69.5,1529.0
24752,62,1077,672,1555,34,1054,712,1709,0.6565129635884619,367.0,1316.0,373.0,1381.5
24763,43,880,68,897,42,880,67,899,0.26631441764233715,55.5,888.5,54.5,889.5
24950,77,438,361,725,104,406,393,633,0.5461330262422968,219.0,581.5,248.5,519.5
24976,51,476,485,1054,38,490,525,918,0.6906209294315067,268.0,765.0,281.5,704.0
25014,28,507,169,630,67,506,215,630,0.5195767199956941,98.5,568.5,141.0,568.0
25065,77,521,622,1164,38,566,674,995,0.6100297003566951,349.5,842.5,356.0,780.5
25072,23,414,759,968,80,401,706,703,0.44405523052991536,391.0,691.0,393.0,552.0
25080,43,452,893,1105,224,455,804,869,0.4326529400980814,468.0,778.5,514.0,662.0
25094,101,629,359,843,53,629,298,857,0.5692494722265298,230.0,736.0,175.5,743.0
25105,74,288,753,898,54,473,769,944,0.6127480188594043,413.5,593.0,411.5,708.5
25112,106,551,642,1184,98,722,431,1110,0.3666859932487452,374.0,867.5,264.5,916.0
25142,54,1475,58,1478,55,1475,57,1478,0.0,56.0,1476.5,56.0,1476.5
25162,71,651,901,1225,295,734,745,1184,0.4250876370118856,486.0,938.0,520.0,959.0
25324,60,1033,114,1094,50,1033,106,1094,0.5122270346909283,87.0,1063.5,78.0,1063.5
25399,127,151,855,693,157,137,809,732,0.8086658008677191,491.0,422.0,483.0,434.5
25401,83,514,705,953,27,510,536,905,0.6044674089063689,394.0,733.5,281.5,707.5
25489,28,533,493,847,115,581,422,875,0.5029636776789134,260.5,690.0,268.5,728.0
25530,77,106,826,796,175,259,569,673,0.3156523930096615,451.5,451.0,372.0,466.0
25583,137,602,644,1017,176,688,542,942,0.4418777943952519,390.5,809.5,359.0,815.0
25815,46,490,928,1095,243,569,681,1064,0.4063486125978091,487.0,792.5,462.0,816.5
25880,65,867,384,1227,44,847,346,1122,0.5963270456079535,224.5,1047.0,195.0,984.5
25962,25,376,401,702,19,390,517,728,0.6615649298712142,213.0,539.0,268.0,559.0
25963,108,1033,307,1185,83,1042,314,1237,0.5387239905258637,207.5,1109.0,198.5,1139.5
25975,108,767,512,1116,128,801,399,1054,0.4863248389010936,310.0,941.5,263.5,927.5
25988,45,855,126,913,44,859,134,903,0.7116880473206006,85.5,884.0,89.0,881.0
26006,47,818,276,990,90,834,202,964,0.3696927019806681,161.5,904.0,146.0,899.0
26046,40,305,277,496,96,325,285,425,0.401371847345302,158.5,400.5,190.5,375.0
26191,40,283,523,597,122,267,445,570,0.6004787900184476,281.5,440.0,283.5,418.5
26233,64,667,422,979,164,735,452,968,0.5191302978824047,243.0,823.0,308.0,851.5
26263,40,214,494,799,8,218,584,700,0.6860042695312625,267.0,506.5,296.0,459.0
26272,40,411,557,902,83,377,522,712,0.5017667695922721,298.5,656.5,302.5,544.5
26303,6,272,677,1077,10,274,826,811,0.5869052906597376,341.5,674.5,418.0,542.5
26374,84,509,653,862,125,468,653,876,0.796235261067328,368.5,685.5,389.0,672.0
26391,70,537,446,878,29,529,517,993,0.5661884291972867,258.0,707.5,273.0,761.0
26393,152,461,551,733,141,455,509,842,0.6167384009388374,351.5,597.0,325.0,648.5
26395,84,847,423,1103,74,845,453,1080,0.8436021245655508,253.5,975.0,263.5,962.5
26428,38,791,274,961,44,799,267,1026,0.598776460197056,156.0,876.0,155.5,912.5
26489,28,573,119,643,53,584,102,643,0.3853625281306584,73.5,608.0,77.5,613.5
26492,65,729,363,987,25,723,425,1120,0.4804879793393715,214.0,858.0,225.0,921.5
26565,39,798,995,1482,256,956,671,1407,0.28625565583302315,517.0,1140.0,463.5,1181.5
26628,29,608,41,617,26,608,38,615,0.14730079317604622,35.0,612.5,32.0,611.5
26654,28,563,140,642,71,570,144,637,0.5061603612965336,84.0,602.5,107.5,603.5
26659,37,563,459,875,91,526,507,833,0.6555160582508536,248.0,719.0,299.0,679.5
26760,73,441,909,1001,345,433,920,992,0.6733988744383926,491.0,721.0,632.5,712.5
26839,27,503,362,951,132,575,373,805,0.35405741364434995,194.5,727.0,252.5,690.0
26853,31,329,609,1128,15,319,838,864,0.5271932038285486,320.0,728.5,426.5,591.5
26858,19,159,837,669,0,120,844,822,0.7020580102003589,428.0,414.0,422.0,471.0
26881,40,691,296,861,38,688,302,862,0.9053764015473325,168.0,776.0,170.0,775.0
26888,83,267,699,882,129,295,753,706,0.595651985398109,391.0,574.5,441.0,500.5
26930,31,471,372,713,22,479,307,732,0.6793068453351244,201.5,592.0,164.5,605.5
26931,38,314,438,600,16,283,441,564,0.7727339327418503,238.0,457.0,228.5,423.5
26967,47,751,578,1093,36,745,594,1163,0.7723608418092776,312.5,922.0,315.0,954.0
26973,85,979,569,1461,42,979,721,1557,0.5751547523705056,327.0,1220.0,381.5,1268.0
27005,56,955,425,1233,41,953,423,1309,0.6982194594887727,240.5,1094.0,232.0,1131.0
27107,34,529,574,879,215,496,565,939,0.5444295352630074,304.0,704.0,390.0,717.5
27116,34,573,629,1169,293,523,684,1015,0.3892616707767057,331.5,871.0,488.5,769.0
27121,49,276,816,871,21,305,814,627,0.5288417744438807,432.5,573.5,417.5,466.0
27152,101,752,553,1029,83,762,497,1108,0.6070362894535108,327.0,890.5,290.0,935.0
27233,33,735,540,1365,109,766,708,1174,0.461608749081154,286.5,1050.0,408.5,970.0
27245,16,344,348,936,119,417,339,675,0.28881917823824066,182.0,640.0,229.0,546.0
27312,68,385,262,528,16,373,256,539,0.6458518527275282,165.0,456.5,136.0,456.0
27341,66,998,178,1109,51,979,189,1076,0.6273329254110342,122.0,1053.5,120.0,1027.5
27396,32,795,847,1575,22,789,924,1647,0.8175551287436368,439.5,1185.0,473.0,1218.0
27398,21,409,743,946,33,374,501,794,0.4528115034892506,382.0,677.5,267.0,584.0
27420,138,167,590,648,5,147,537,650,0.6404423216466748,364.0,407.5,271.0,398.5
27546,82,799,167,895,75,796,190,903,0.6071275276504295,124.5,847.0,132.5,849.5
27559,59,782,414,999,36,788,398,919,0.5533330687638724,236.5,890.5,217.0,853.5
27571,82,794,468,1033,118,781,316,1012,0.4797611259289082,275.0,913.5,217.0,896.5
27587,18,395,588,827,62,397,493,973,0.5812673170386833,303.0,611.0,277.5,685.0
27601,41,542,937,1438,16,517,693,1453,0.6733131818861358,489.0,990.0,354.5,985.0
27603,60,630,293,892,32,663,309,874,0.7110556948937247,176.5,761.0,170.5,768.5
27634,56,639,875,1309,22,477,884,1050,0.4951109775460962,465.5,974.0,453.0,763.5
27645,33,405,643,938,12,399,497,1071,0.6020994223983551,338.0,671.5,254.5,735.0
27663,167,752,743,1189,101,748,512,1041,0.3704989008844944,455.0,970.5,306.5,894.5
27714,107,470,679,876,19,435,685,931,0.7013118607159256,393.0,673.0,352.0,683.0
27762,20,243,817,809,193,240,810,815,0.7514196797538789,418.5,526.0,501.5,527.5
27795,34,924,318,1294,112,955,413,1299,0.4857636596100799,176.0,1109.0,262.5,1127.0
27956,46,788,728,1283,219,842,729,1237,0.5967894398966245,387.0,1035.5,474.0,1039.5
27958,19,343,502,703,221,439,508,592,0.2514822034217393,260.5,523.0,364.5,515.5
27959,223,421,642,826,122,423,798,880,0.5361728568875617,432.5,623.5,460.0,651.5
27969,24,406,431,722,96,425,577,699,0.5553083203205429,227.5,564.0,336.5,562.0
27993,208,503,601,844,26,482,603,795,0.5897624994903081,404.5,673.5,314.5,638.5
28021,29,490,85,531,41,485,70,530,0.4856744781570878,57.0,510.5,55.5,507.5
28030,48,715,240,819,57,711,236,819,0.8336123085254534,144.0,767.0,146.5,765.0
28096,27,435,144,543,54,431,184,534,0.5671494543518729,85.5,489.0,119.0,482.5
28172,17,223,651,695,9,215,613,699,0.8891365350118497,334.0,459.0,311.0,457.0
28183,90,307,658,1072,1,481,542,1133,0.4981771386436741,374.0,689.5,271.5,807.0
28195,41,803,281,1001,37,786,288,959,0.7769228340272858,161.0,902.0,162.5,872.5
28353,47,497,291,650,21,494,297,672,0.7425960636171212,169.0,573.5,159.0,583.0
28398,42,706,321,883,74,754,240,869,0.3866089381147175,181.5,794.5,157.0,811.5
28422,103,898,320,1162,98,858,286,1082,0.5463258684147768,211.5,1030.0,192.0,970.0
28464,23,274,443,453,22,189,501,439,0.5749126016240785,233.0,363.5,261.5,314.0
28469,177,294,710,894,195,272,873,780,0.6242731895405352,443.5,594.0,534.0,526.0
28478,43,881,67,894,42,879,64,898,0.20593291488425794,55.0,887.5,53.0,888.5
28560,40,874,486,1289,165,932,571,1240,0.4784871213152974,263.0,1081.5,368.0,1086.0
28594,38,913,600,1356,32,888,610,1385,0.8665874255916121,319.0,1134.5,321.0,1136.5
28597,70,368,182,466,86,385,157,466,0.4794139314302235,126.0,417.0,121.5,425.5
28677,50,507,380,655,57,509,397,675,0.7633179223452898,215.0,581.0,227.0,592.0
28736,59,752,260,882,38,743,285,936,0.5480771748022905,159.5,817.0,161.5,839.5
28739,80,952,929,1407,35,799,934,1468,0.6369692304379725,504.5,1179.5,484.5,1133.5
28802,55,1158,603,1487,96,1020,549,1516,0.5731850694735282,329.0,1322.5,322.5,1268.0
28804,45,227,975,938,6,220,994,930,0.942527052802646,510.0,582.5,500.0,575.0
28831,26,527,81,569,33,533,71,565,0.4851665277303303,53.5,548.0,52.0,549.0
28915,106,821,346,1059,117,891,279,1043,0.4311355505298427,226.0,940.0,198.0,967.0
28917,65,210,605,888,273,364,597,863,0.4416370840623885,335.0,549.0,435.0,613.5
28965,26,348,392,553,19,336,283,574,0.6076492288888257,209.0,450.5,151.0,455.0
28987,103,627,815,1180,129,627,876,1375,0.651331290339531,459.0,903.5,502.5,1001.0
28998,41,652,1037,1294,212,720,903,1213,0.5328120421045095,539.0,973.0,557.5,966.5
29008,143,374,743,901,242,529,738,860,0.5192676130358134,443.0,637.5,490.0,694.5
29012,30,525,36,531,29,526,37,530,0.0,33.0,528.0,33.0,528.0
29018,94,272,583,661,334,271,603,591,0.4187486738706563,338.5,466.5,468.5,431.0
29123,29,500,212,643,61,525,169,622,0.4003610265875836,120.5,571.5,115.0,573.5
29141,49,856,215,1011,88,899,162,989,0.2588677056590229,132.0,933.5,125.0,944.0
29164,47,314,885,1154,14,305,688,906,0.5238357693291602,466.0,734.0,351.0,605.5
29167,43,675,521,998,35,749,388,997,0.5161528343392587,282.0,836.5,211.5,873.0
29174,60,969,222,1093,52,982,205,1082,0.6893920589444341,141.0,1031.0,128.5,1032.0
29178,33,766,678,1196,60,839,481,1252,0.474815198764241,355.5,981.0,270.5,1045.5
29182,82,979,397,1202,63,1005,343,1130,0.44725692538447337,239.5,1090.5,203.0,1067.5
29200,72,199,873,801,105,159,862,782,0.8667326776954621,472.5,500.0,483.5,470.5
29236,94,415,510,755,20,406,592,785,0.6523693931398418,302.0,585.0,306.0,595.5
29237,32,754,624,1136,169,814,626,1138,0.6113093555340386,328.0,945.0,397.5,976.0
29282,101,446,833,1163,136,464,997,1096,0.7153184767683883,467.0,804.5,566.5,780.0
29286,35,598,120,691,34,593,148,671,0.6630059407958058,77.5,644.5,91.0,632.0
29498,18,301,271,491,11,285,290,491,0.8362945505793922,144.5,396.0,150.5,388.0
29550,16,298,561,972,16,342,534,663,0.4525087010460072,288.5,635.0,275.0,502.5
29563,95,957,221,1078,104,965,275,1076,0.5528920432831667,158.0,1017.5,189.5,1020.5
29585,50,772,832,1592,22,766,890,1609,0.8727767938515203,441.0,1182.0,456.0,1187.5
29593,279,697,702,1137,328,678,709,1204,0.7525199485555223,490.5,917.0,518.5,941.0
29645,33,517,53,537,25,523,56,535,0.291693578343936,43.0,527.0,40.5,529.0
29669,240,517,610,975,209,527,467,963,0.5321885730626222,425.0,746.0,338.0,745.0
29780,41,1193,641,1749,40,1179,646,1642,0.830693838039393,341.0,1471.0,343.0,1410.5
29854,103,1026,369,1263,123,966,371,1221,0.6753835593560907,236.0,1144.5,247.0,1093.5
29906,59,942,185,1041,69,941,188,1018,0.7224131357204951,122.0,991.5,128.5,979.5
29956,35,674,283,853,98,708,262,823,0.4248938139443787,159.0,763.5,180.0,765.5
30034,42,605,673,1026,22,675,709,1133,0.5980418077381171,357.5,815.5,365.5,904.0
30089,28,407,309,603,28,428,310,519,0.4653066074209085,168.5,505.0,169.0,473.5
30093,51,971,542,1399,32,980,382,1423,0.5786301594789767,296.5,1185.0,207.0,1201.5
30097,194,119,769,766,268,210,557,763,0.4244725416008424,481.5,442.5,412.5,486.5
30112,68,419,894,970,70,604,912,933,0.5982546515789212,481.0,694.5,491.0,768.5
30121,36,450,424,782,158,442,342,622,0.25088237112893513,230.0,616.0,250.0,532.0
30200,73,865,474,1196,75,912,452,1138,0.6419790482412189,273.5,1030.5,263.5,1025.0
30204,41,1032,193,1242,37,1031,233,1243,0.7092603799830062,117.0,1137.0,135.0,1137.0
30215,36,320,239,556,14,316,325,556,0.6417900482315111,137.5,438.0,169.5,436.0
30242,197,1018,660,1345,172,954,858,1307,0.5515946696484244,428.5,1181.5,515.0,1130.5
30247,133,729,715,1126,28,642,669,1242,0.5182411062142688,424.0,927.5,348.5,942.0
30274,167,780,518,1219,169,766,364,1255,0.514629188124943,342.5,999.5,266.5,1010.5
30315,132,570,535,839,52,547,633,863,0.5904058873831675,333.5,704.5,342.5,705.0
30437,107,781,456,1167,35,779,571,1176,0.6174482505005451,281.5,974.0,303.0,977.5
30510,103,738,471,1146,33,700,559,1094,0.6075296645199217,287.0,942.0,296.0,897.0
30583,132,573,460,832,178,617,476,921,0.5093204653736095,296.0,702.5,327.0,769.0
30615,23,475,80,516,26,475,75,513,0.7189697332722016,51.5,495.5,50.5,494.0
30683,45,1222,121,1274,45,1222,123,1300,0.4291646980937301,83.0,1248.0,84.0,1261.0
30699,48,524,505,814,32,506,508,773,0.8182382131205698,276.5,669.0,270.0,639.5
30724,32,195,503,550,104,284,428,497,0.4127801315163364,267.5,372.5,266.0,390.5
30742,199,544,524,891,273,567,467,755,0.3234373537109861,361.5,717.5,370.0,661.0
30796,93,756,583,1158,81,784,585,1164,0.8454532741584412,338.0,957.0,333.0,974.0
30934,98,701,593,1111,130,724,527,1014,0.5673393158483131,345.5,906.0,328.5,869.0
30965,74,277,599,661,10,299,606,647,0.8220899467363663,336.5,469.0,308.0,473.0
31018,68,559,123,628,55,565,120,622,0.6343492969904813,95.5,593.5,87.5,593.5
31045,111,807,871,1337,35,929,663,1404,0.4494827400429181,491.0,1072.0,349.0,1166.5
31086,33,607,116,655,51,607,106,657,0.5118603412830369,74.5,631.0,78.5,632.0
31098,80,701,397,1137,31,719,509,1040,0.5441792572509316,238.5,919.0,270.0,879.5
31101,32,766,92,816,30,774,84,831,0.4039991417579663,62.0,791.0,57.0,802.5
31168,93,746,246,907,82,767,189,887,0.4377384759861229,169.5,826.5,135.5,827.0
31182,28,337,574,805,165,331,509,942,0.5203389081812608,301.0,571.0,337.0,636.5
31229,120,500,589,929,136,466,675,933,0.755411425936288,354.5,714.5,405.5,699.5
31252,30,573,163,677,29,581,159,663,0.7572100047980883,96.5,625.0,94.0,622.0
31292,65,163,762,598,279,141,722,725,0.5140894708611782,413.5,380.5,500.5,433.0
31297,25,393,126,487,18,390,122,472,0.7864644564955142,75.5,440.0,70.0,431.0
31331,43,850,431,1449,39,892,403,1298,0.6233702502793034,237.0,1149.5,221.0,1095.0
31392,36,655,713,1323,32,611,749,1087,0.6074917991590251,374.5,989.0,390.5,849.0
31398,57,508,729,992,20,512,744,1020,0.8531852424714149,393.0,750.0,382.0,766.0
31443,18,328,292,504,15,318,267,510,0.8141857174690469,155.0,416.0,141.0,414.0
31515,51,726,111,782,34,726,113,772,0.6627573902822216,81.0,754.0,73.5,749.0
31556,35,653,237,806,48,673,134,775,0.2838567685151355,136.0,729.5,91.0,724.0
31561,13,315,375,646,47,324,404,666,0.7628452948846064,194.0,480.5,225.5,495.0
31634,53,563,525,1114,21,662,668,1219,0.5122792724996157,289.0,838.5,344.5,940.5
31641,28,424,885,1021,19,412,949,1032,0.8872317674297605,456.5,722.5,484.0,722.0
31700,52,135,833,779,1,169,658,717,0.6246919405482263,442.5,457.0,329.5,443.0
31749,56,1014,64,1018,56,1013,63,1019,0.0,60.0,1016.0,59.5,1016.0
31863,124,451,652,857,156,453,705,831,0.8190575785155649,388.0,654.0,430.5,642.0
31881,235,634,864,1238,159,478,902,1109,0.5632325127675162,549.5,936.0,530.5,793.5
31932,21,277,641,649,124,337,463,634,0.4365811190900568,331.0,463.0,293.5,485.5
32004,125,717,581,1450,34,715,755,1266,0.531211055762286,353.0,1083.5,394.5,990.5
32050,173,929,876,1318,54,796,880,1345,0.5965347687786537,524.5,1123.5,467.0,1070.5
32067,40,586,777,1263,51,582,953,1195,0.7471478528202187,408.5,924.5,502.0,888.5
32101,46,829,234,1087,92,830,264,991,0.4388608596954201,140.0,958.0,178.0,910.5
32106,29,566,589,953,95,589,543,1127,0.5312547947648615,309.0,759.5,319.0,858.0
32119,30,580,240,863,29,553,301,773,0.5469034791653806,135.0,721.5,165.0,663.0
32152,36,63,970,650,0,33,964,739,0.7816056006829709,503.0,356.5,482.0,386.0
32159,102,475,858,1304,101,624,597,1069,0.3502788901085547,480.0,889.5,349.0,846.5
32182,49,356,271,574,82,401,271,582,0.6199915147127384,160.0,465.0,176.5,491.5
32264,84,345,445,613,122,303,439,632,0.7193202700702758,264.5,479.0,280.5,467.5
32281,27,488,66,534,30,486,82,550,0.4395608089592045,46.5,511.0,56.0,518.0
32303,22,136,762,762,17,105,461,785,0.5513752060926901,392.0,449.0,239.0,445.0
32310,29,525,214,652,63,520,183,592,0.3677745940161157,121.5,588.5,123.0,556.0
32337,108,747,512,1082,187,683,475,1124,0.5725669599817087,310.0,914.5,331.0,903.5
32366,27,369,338,660,17,367,409,635,0.7558960975919379,182.5,514.5,213.0,501.0
32387,26,402,181,550,39,432,189,509,0.472931199073935,103.5,476.0,114.0,470.5
32415,40,228,427,539,81,204,463,504,0.7090408014627653,233.5,383.5,272.0,354.0
32431,22,434,118,528,25,444,94,486,0.32117573459473586,70.0,481.0,59.5,465.0
32442,41,764,247,896,52,796,195,918,0.4117690118907555,144.0,830.0,123.5,857.0
32477,21,418,336,720,142,441,361,686,0.4814986936117081,178.5,569.0,251.5,563.5
32479,11,215,608,683,91,216,441,585,0.4622933624376483,309.5,449.0,266.0,400.5
32493,36,781,487,1165,136,803,497,1039,0.4816297209075333,261.5,973.0,316.5,921.0
32513,68,785,588,1093,58,805,590,1087,0.8715727269190867,328.0,939.0,324.0,946.0
32551,54,1477,75,1491,60,1478,75,1492,0.0,64.5,1484.0,67.5,1485.0
32626,166,323,765,885,12,311,773,836,0.7369105172933584,465.5,604.0,392.5,573.5
32631,40,809,67,841,42,809,72,833,0.6189504397315384,53.5,825.0,57.0,821.0
32641,204,354,1001,939,342,482,772,863,0.3514169259476537,602.5,646.5,557.0,672.5
32701,69,472,806,1037,251,544,775,1045,0.5936725544918369,437.5,754.5,513.0,794.5
32714,40,736,185,832,40,753,151,830,0.533656098959613,112.5,784.0,95.5,791.5
32764,121,726,346,916,70,692,381,936,0.5633035290706868,233.5,821.0,225.5,814.0
32798,40,913,281,1104,31,875,240,1128,0.6170982112370442,160.5,1008.5,135.5,1001.5
32866,41,382,247,527,24,375,258,506,0.7838712138696741,144.0,454.5,141.0,440.5
32888,28,432,679,976,59,420,783,1063,0.7002290676801772,353.5,704.0,421.0,741.5
32928,31,845,44,856,31,846,46,861,0.05416317533162079,37.5,850.5,38.5,853.5
32954,33,652,382,886,44,652,383,900,0.8536483860066063,207.5,769.0,213.5,776.0
32988,177,1011,694,1441,111,866,584,1540,0.468025501574599,435.5,1226.0,347.5,1203.0
33024,41,632,657,1127,239,627,708,1309,0.4973070897075586,349.0,879.5,473.5,968.0
33046,46,1133,510,1435,112,1120,526,1599,0.5530895015582599,278.0,1284.0,319.0,1359.5
33081,82,416,419,694,186,483,439,670,0.4589993424344341,250.5,555.0,312.5,576.5
33084,46,639,382,940,67,647,428,944,0.7667326034182465,214.0,789.5,247.5,795.5
33252,39,1055,399,1293,64,1060,405,1414,0.5660898468747503,219.0,1174.0,234.5,1237.0
33259,109,1192,508,1448,77,1168,459,1611,0.4833912786424847,308.5,1320.0,268.0,1389.5
33275,101,650,831,1130,178,635,577,1101,0.5160117782725436,466.0,890.0,377.5,868.0
33304,89,1297,469,1587,181,1279,445,1675,0.5455245044249046,279.0,1442.0,313.0,1477.0
33357,48,899,258,1069,48,897,263,1058,0.9442742136855204,153.0,984.0,155.5,977.5
33434,27,311,481,887,155,361,605,743,0.41161547311468333,254.0,599.0,380.0,552.0
33518,38,788,143,858,62,800,103,839,0.217572777685932,90.5,823.0,82.5,819.5
33551,46,961,171,1095,46,960,183,1062,0.7216377857446068,108.5,1028.0,114.5,1011.0
33598,150,794,728,1355,136,957,663,1313,0.5522291084573316,439.0,1074.5,399.5,1135.0
33651,21,407,995,996,18,409,642,1088,0.5605045165219374,508.0,701.5,330.0,748.5
33665,35,606,62,623,39,606,63,624,0.3996241085183985,48.5,614.5,51.0,615.0
33682,38,521,655,990,115,539,490,895,0.4613884202573617,346.5,755.5,302.5,717.0
33690,43,881,516,1174,163,971,430,1132,0.31020715302017465,279.5,1027.5,296.5,1051.5
33743,66,929,208,1140,72,935,257,1071,0.5167533303780326,137.0,1034.5,164.5,1003.0
33764,86,977,584,1355,90,1042,589,1522,0.5368847046911233,335.0,1166.0,339.5,1282.0
33804,26,512,310,723,25,523,243,726,0.6696630040669077,168.0,617.5,134.0,624.5
33858,24,209,706,1015,55,244,651,751,0.5497664514346619,365.0,612.0,353.0,497.5
33872,53,908,80,932,56,914,74,933,0.18740662054909155,66.5,920.0,65.0,923.5
33896,21,760,745,1335,18,677,649,1428,0.6707763503818358,383.0,1047.5,333.5,1052.5
33897,93,770,280,959,97,817,385,938,0.47126058655963793,186.5,864.5,241.0,877.5
33942,53,497,274,670,48,477,299,606,0.5632022279561045,163.5,583.5,173.5,541.5
34114,52,1054,200,1166,85,1054,201,1166,0.6492722356763653,126.0,1110.0,143.0,1110.0
34115,40,734,254,889,55,761,275,900,0.6040430843379334,147.0,811.5,165.0,830.5
34151,50,1043,294,1373,85,1044,331,1268,0.5386182482172847,172.0,1208.0,208.0,1156.0
34163,30,564,167,694,49,573,232,683,0.5313402855571083,98.5,629.0,140.5,628.0
34170,33,675,522,1022,31,674,495,1040,0.8496067733043734,277.5,848.5,263.0,857.0
34212,151,704,921,1199,36,643,1061,1144,0.6356117222760894,536.0,951.5,548.5,893.5
34214,14,331,849,1017,35,330,685,959,0.7138333637487279,431.5,674.0,360.0,644.5
34245,113,1039,592,1420,54,1036,494,1369,0.6246626483972061,352.5,1229.5,274.0,1202.5
34247,50,1311,218,1433,65,1309,210,1462,0.5938779003633315,134.0,1372.0,137.5,1385.5
34332,101,736,373,946,141,734,320,987,0.5480953617167,237.0,841.0,230.5,860.5
34339,26,552,426,896,80,551,265,952,0.4155468201885727,226.0,724.0,172.5,751.5
34362,13,185,581,614,12,188,581,551,0.8446228341917339,297.0,399.5,296.5,369.5
34495,33,609,365,926,56,615,347,821,0.5696476302641476,199.0,767.5,201.5,718.0
34508,30,898,358,1103,30,857,310,1205,0.5260502493411969,194.0,1000.5,170.0,1031.0
34543,79,900,416,1213,101,904,394,1120,0.6000543172035088,247.5,1056.5,247.5,1012.0
34614,47,456,352,626,33,391,320,603,0.5786247545012367,199.5,541.0,176.5,497.0
34667,117,756,940,1281,197,724,775,1254,0.654955433540391,528.5,1018.5,486.0,989.0
34774,52,231,1019,1231,8,220,909,919,0.5880228164689083,535.5,731.0,458.5,569.5
34791,49,868,245,1006,49,890,280,1012,0.6122209801541199,147.0,937.0,164.5,951.0
34824,64,945,237,1070,53,937,259,1074,0.7504551347439573,150.5,1007.5,156.0,1005.5
34910,35,322,143,407,19,317,120,389,0.5657320067585686,89.0,364.5,69.5,353.0
34934,37,546,435,1182,24,613,575,1041,0.5429363701622658,236.0,864.0,299.5,827.0
34957,58,978,121,1068,74,978,147,1030,0.36026662592999426,89.5,1023.0,110.5,1004.0
34973,45,243,759,785,9,248,766,735,0.8670804516266377,402.0,514.0,387.5,491.5
34990,50,657,235,827,74,698,235,810,0.5734118721888085,142.5,742.0,154.5,754.0
34994,122,851,556,1254,39,949,590,1205,0.550814977185538,339.0,1052.5,314.5,1077.0
34998,59,536,132,622,20,519,132,612,0.5453828926845357,95.5,579.0,76.0,565.5
35081,53,982,233,1167,49,981,235,1118,0.7330007005278725,143.0,1074.5,142.0,1049.5
35102,123,853,888,1422,247,1066,703,1402,0.3520252779955965,505.5,1137.5,475.0,1234.0
35123,61,1038,299,1208,138,1077,241,1213,0.2901505083690957,180.0,1123.0,189.5,1145.0
35131,24,519,929,1129,20,498,943,1161,0.9020274483657954,476.5,824.0,481.5,829.5
35187,79,786,335,1043,43,760,341,1102,0.64548668315083,207.0,914.5,192.0,931.0
35189,140,470,794,1047,37,441,867,890,0.5975631143511102,467.0,758.5,452.0,665.5
35223,289,508,697,972,22,483,740,899,0.5025693553309613,493.0,740.0,381.0,691.0
35341,24,553,484,1097,11,463,511,1115,0.7675306012269939,254.0,825.0,261.0,789.0
35360,21,332,573,659,5,144,625,625,0.5269648198746553,297.0,495.5,315.0,384.5
35388,29,530,149,630,35,534,151,610,0.7291544133528722,89.0,580.0,93.0,572.0
35470,48,568,155,648,68,572,131,630,0.4269118500635114,101.5,608.0,99.5,601.0
35476,53,957,89,981,52,957,90,982,0.3975055725685073,71.0,969.0,71.0,969.5
35492,66,664,237,853,94,659,295,832,0.5996460432612749,151.5,758.5,194.5,745.5
35648,32,734,902,1341,230,962,902,1308,0.4403326204346846,467.0,1037.5,566.0,1135.0
35652,111,230,673,527,278,220,618,551,0.5570391186432699,392.0,378.5,448.0,385.5
35684,2,70,965,792,108,239,798,659,0.4168485815884252,483.5,431.0,453.0,449.0
35699,94,650,283,829,34,630,307,811,0.6236830848152057,188.5,739.5,170.5,720.5
35703,29,427,375,662,63,499,314,585,0.26550435144363044,202.0,544.5,188.5,542.0
35719,75,578,642,943,28,573,707,1022,0.6763041699439386,358.5,760.5,367.5,797.5
35738,48,605,158,665,77,628,106,646,0.07909881897280639,103.0,635.0,91.5,637.0
35799,44,787,866,1296,221,840,875,1389,0.5936752263791225,455.0,1041.5,548.0,1114.5
35851,25,531,193,641,31,505,179,599,0.5037020888129919,109.0,586.0,105.0,552.0
35868,63,602,323,806,129,634,260,785,0.3729822454341966,193.0,704.0,194.5,709.5
35873,56,477,658,896,17,484,440,990,0.4957880548830373,357.0,686.5,228.5,737.0
35962,57,447,586,907,17,469,391,1037,0.4573221054958743,321.5,677.0,204.0,753.0
