18,135.0,704.0,729.0,1071.0,130.5,669.0,746.5,1101.5
19,29.666666666666668,560.6666666666666,114.66666666666667,725.6666666666666,28.333333333333336,559.8333333333333,116.83333333333334,727.3333333333333
33,46.333333333333336,393.6666666666667,374.6666666666667,633.6666666666666,33.66666666666667,386.83333333333337,394.33333333333337,642.8333333333333
62,90.85714285714286,964.8571428571429,564.0,1167.5714285714287,62.92857142857143,894.4285714285714,601.5,1214.7857142857142
114,63.333333333333336,575.0,207.66666666666666,767.0,52.16666666666667,572.5,211.83333333333331,773.5
146,72.0,481.375,577.375,816.75,44.5,346.1875,610.1875,967.375
156,84.33333333333333,805.3333333333334,155.0,880.3333333333334,79.16666666666666,803.6666666666667,157.5,883.6666666666667
163,33.333333333333336,322.1666666666667,203.33333333333334,453.8333333333333,27.166666666666668,319.58333333333337,208.16666666666669,459.41666666666663
164,9.333333333333334,148.66666666666666,366.3333333333333,659.6666666666666,6.666666666666667,147.33333333333331,383.66666666666663,670.3333333333333
179,126.0,512.3333333333334,322.3333333333333,729.0,121.0,501.1666666666667,326.16666666666663,731.0
186,233.85714285714286,975.1428571428571,918.5714285714286,1404.5714285714287,157.92857142857144,932.5714285714286,973.2857142857142,1474.2857142857142
215,259.6666666666667,660.0,825.3333333333334,1017.0,243.83333333333334,649.5,826.6666666666667,1027.5
225,45.875,708.375,91.5,745.25,42.4375,706.6875,99.25,752.125
227,306.8,880.8,785.8,1309.8,261.4,860.9,824.9,1341.9
247,57.25,630.5,154.125,725.0,51.625,626.75,167.5625,736.5
275,113.14285714285714,522.4285714285714,548.8571428571429,864.7142857142857,66.07142857142857,494.2142857142857,646.4285714285714,894.3571428571429
311,191.1,625.1,506.4,1011.6,142.55,609.05,531.7,1132.3
399,136.16666666666666,802.1666666666666,339.8333333333333,1019.1666666666666,107.58333333333333,774.0833333333333,358.41666666666663,1086.5833333333333
421,56.5,935.5,221.16666666666666,1048.0,53.25,933.75,234.08333333333331,1056.0
432,73.66666666666667,845.0,236.33333333333334,966.0,62.833333333333336,842.5,267.1666666666667,1001.0
442,40.666666666666664,673.3333333333334,204.0,807.0,36.83333333333333,672.6666666666667,206.5,811.0
459,20.0,337.6666666666667,228.33333333333334,487.0,19.5,336.83333333333337,228.66666666666669,489.5
492,134.33333333333334,1095.3333333333333,232.0,1187.0,112.16666666666667,1092.1666666666665,243.5,1208.0
507,295.3333333333333,250.44444444444446,883.7777777777778,757.6666666666666,223.66666666666666,235.22222222222223,933.3888888888889,811.8333333333333
631,246.33333333333334,591.6666666666666,847.3333333333334,1117.3333333333333,212.16666666666669,579.8333333333333,859.1666666666667,1127.6666666666665
707,48.166666666666664,818.6666666666666,69.16666666666667,832.6666666666666,46.08333333333333,816.3333333333333,71.58333333333334,834.8333333333333
723,154.71428571428572,193.42857142857142,782.4285714285714,673.1428571428571,115.35714285714286,174.71428571428572,846.7142857142858,712.0714285714286
1003,111.0,614.0,285.7142857142857,755.7142857142857,79.5,608.5,299.8571428571429,773.3571428571429
1065,165.6,876.3,363.4,1030.0,113.3,865.15,373.7,1070.0
1136,276.57142857142856,875.0,744.5714285714286,1205.857142857143,258.2857142857143,833.0,775.2857142857142,1242.4285714285716
1187,127.0,644.3333333333334,703.3333333333334,1132.3333333333333,103.0,633.6666666666667,754.1666666666667,1144.6666666666665
1202,144.0,767.5,263.25,894.875,134.0,761.25,271.125,897.9375
1216,169.0,635.6666666666666,649.3333333333334,1023.6666666666666,143.0,613.3333333333333,658.6666666666667,1067.8333333333333
1263,130.33333333333334,816.0,718.6666666666666,1157.4444444444443,95.66666666666667,790.5,795.8333333333333,1189.7222222222222
1279,115.33333333333333,221.66666666666666,781.3333333333334,685.0,92.66666666666666,214.33333333333331,822.1666666666667,701.5
1293,94.125,522.875,267.25,690.125,63.0625,514.4375,275.125,714.5625
1306,70.14285714285714,441.0,261.85714285714283,579.2857142857143,44.57142857142857,435.5,269.92857142857144,590.1428571428571
1314,236.0,677.6666666666666,890.6666666666666,1289.3333333333333,206.5,665.3333333333333,892.3333333333333,1295.6666666666665
1323,109.33333333333333,374.5,589.6666666666666,756.1666666666666,85.66666666666666,363.25,641.8333333333333,769.5833333333333
1364,90.33333333333333,465.3333333333333,798.6666666666666,976.0,71.16666666666666,442.66666666666663,802.8333333333333,1002.0
1384,36.888888888888886,426.0,146.66666666666666,497.8888888888889,31.944444444444443,421.5,166.33333333333331,513.4444444444445
1406,55.333333333333336,761.0,239.0,950.6666666666666,51.16666666666667,756.5,257.5,951.8333333333333
1408,163.66666666666666,631.7777777777778,643.7777777777778,919.3333333333334,98.33333333333333,596.3888888888889,675.3888888888889,972.1666666666667
1425,74.66666666666667,811.0,151.0,875.0,67.83333333333334,808.5,157.0,876.0
1476,185.16666666666666,541.3333333333334,438.6666666666667,805.5,171.58333333333331,517.1666666666667,471.33333333333337,824.75
1508,110.66666666666667,826.3333333333334,366.1666666666667,1077.6666666666667,96.83333333333334,824.6666666666667,394.08333333333337,1104.8333333333335
1534,209.5,569.1666666666666,580.8333333333334,924.5,181.25,544.0833333333333,638.4166666666667,947.75
1542,168.0,827.6666666666666,427.6666666666667,1135.3333333333333,163.5,807.8333333333333,449.33333333333337,1148.1666666666665
1565,84.3,736.2,223.1,806.2,72.65,730.6,225.55,815.1
1582,73.125,432.625,228.875,534.125,48.5625,424.8125,236.9375,548.5625
1620,176.375,353.125,872.5,893.375,142.1875,331.5625,911.25,906.1875
1650,58.5,610.25,159.875,700.625,46.75,598.625,193.4375,709.8125
1729,252.6,562.8,549.4,913.4,172.3,493.9,674.2,953.7
1748,125.33333333333333,517.5,445.1666666666667,724.5,108.16666666666666,503.25,475.58333333333337,747.75
1892,37.666666666666664,379.0,501.8333333333333,819.1666666666666,24.833333333333332,330.0,593.9166666666666,844.5833333333333
2075,104.33333333333333,225.83333333333334,722.6666666666666,672.0,55.666666666666664,202.41666666666669,802.8333333333333,710.5
2081,61.6,241.6,350.8,470.6,55.8,235.8,376.4,491.3
2226,88.0,967.0,355.3333333333333,1219.0,68.0,954.0,373.66666666666663,1230.5
2276,40.333333333333336,785.0,109.33333333333333,908.6666666666666,39.16666666666667,784.5,115.66666666666666,909.8333333333333
2288,38.0,513.0,119.33333333333333,577.0,35.5,509.5,122.16666666666666,580.5
2381,32.333333333333336,260.0,588.3333333333334,1080.3333333333333,21.666666666666668,256.5,613.6666666666667,1120.6666666666665
2434,98.57142857142857,774.4285714285714,272.2857142857143,891.2857142857143,67.78571428571428,758.2142857142858,285.6428571428571,908.6428571428571
2440,243.66666666666666,555.0,533.6666666666666,857.5,197.83333333333331,543.5,558.8333333333333,880.25
2476,130.0,186.83333333333334,637.8333333333334,573.3333333333334,83.5,159.91666666666669,693.4166666666667,594.1666666666667
2513,36.333333333333336,526.3333333333334,143.33333333333334,594.0,35.66666666666667,524.6666666666667,146.66666666666669,595.5
2528,106.0,399.6666666666667,400.0,637.0,97.5,394.83333333333337,402.0,650.5
2644,44.0,741.0,91.66666666666667,807.6666666666666,39.5,737.0,100.33333333333334,809.8333333333333
2669,58.285714285714285,522.5714285714286,524.7142857142857,879.7142857142857,44.64285714285714,506.2857142857143,567.8571428571429,899.3571428571429
2724,67.27272727272727,513.7272727272727,320.8181818181818,666.7272727272727,48.13636363636363,507.3636363636364,323.4090909090909,672.3636363636364
2740,198.0,358.25,653.75,683.625,117.5,304.625,710.875,748.3125
2766,166.14285714285714,586.7142857142857,427.85714285714283,810.8571428571429,100.57142857142857,580.3571428571429,439.42857142857144,829.9285714285714
2807,106.625,1010.5,252.375,1209.125,83.3125,1000.75,278.6875,1227.5625
2869,28.0,506.0,52.333333333333336,526.0,28.0,506.0,52.66666666666667,526.5
2874,55.888888888888886,223.55555555555554,845.4444444444445,585.1111111111111,31.944444444444443,193.77777777777777,892.7222222222222,635.0555555555555
2949,96.22222222222223,999.3333333333334,255.0,1105.6666666666667,90.11111111111111,993.1666666666667,287.0,1123.3333333333335
3028,109.0,423.0,702.3333333333334,861.3333333333334,95.0,405.0,708.1666666666667,868.6666666666667
3079,20.0,360.3333333333333,75.83333333333333,422.0,18.0,356.66666666666663,85.91666666666666,425.0
3110,79.0,661.6666666666666,461.3333333333333,944.3333333333334,65.0,657.8333333333333,472.16666666666663,947.6666666666667
3232,62.666666666666664,382.8888888888889,259.0,507.1111111111111,49.83333333333333,363.94444444444446,267.0,521.5555555555555
3252,72.33333333333333,910.1666666666666,672.8333333333334,1171.8333333333333,54.166666666666664,896.5833333333333,708.4166666666667,1185.9166666666665
3301,64.0,1018.0,172.6,1095.6,60.0,1015.5,179.8,1097.8
3357,44.333333333333336,691.3333333333334,80.0,724.0,38.66666666666667,690.1666666666667,80.5,724.5
3419,242.83333333333334,867.1666666666666,584.0,1163.5,169.41666666666669,835.5833333333333,669.0,1218.25
3449,54.666666666666664,789.3333333333334,603.6666666666666,1175.3333333333333,47.83333333333333,780.6666666666667,603.8333333333333,1182.1666666666665
3665,78.0,877.5,315.75,1038.0,64.5,875.25,325.375,1047.0
3747,233.58333333333334,764.75,491.6666666666667,955.3333333333334,207.29166666666669,720.375,529.8333333333334,972.1666666666667
3769,95.0,307.6666666666667,815.0,840.6666666666666,73.0,264.33333333333337,874.5,861.3333333333333
3770,73.0,654.875,255.0,809.0,55.5,639.4375,278.0,819.0
3864,106.0,298.0,669.3333333333334,634.6666666666666,100.0,295.5,680.1666666666667,673.3333333333333
3895,34.333333333333336,198.0,755.3333333333334,685.3333333333334,23.666666666666668,193.0,758.6666666666667,691.1666666666667
4033,47.666666666666664,603.1666666666666,340.5,796.3333333333334,38.83333333333333,601.5833333333333,347.25,804.6666666666667
4034,99.0,482.2,224.6,642.4,95.0,478.6,235.3,651.7
4063,75.0,746.0,573.2,1144.8,60.5,728.0,604.1,1151.4
4099,76.33333333333333,851.3333333333334,390.3333333333333,1106.0,63.166666666666664,849.6666666666667,394.16666666666663,1109.5
4192,39.333333333333336,778.0,739.6666666666666,1091.0,33.66666666666667,769.5,741.3333333333333,1096.0
4195,176.11111111111111,1218.6666666666667,379.3333333333333,1419.6666666666667,123.55555555555556,1152.3333333333335,528.1666666666666,1454.8333333333335
4294,88.0,511.0,961.0,1126.6666666666667,81.5,501.0,977.0,1155.8333333333335
4396,216.66666666666666,583.0,925.3333333333334,1090.0,207.83333333333331,564.0,933.1666666666667,1129.0
4462,106.33333333333333,1100.0,332.0,1359.3333333333333,93.66666666666666,1096.0,346.5,1367.1666666666665
4585,144.5,406.2,554.5,760.4,119.25,394.1,612.75,789.7
4592,50.0,908.2,58.8,917.2,50.0,908.1,59.4,917.6
4593,151.6,420.6,547.0,781.8,138.8,411.8,584.5,800.9
4625,36.8,624.4,58.2,650.6,34.4,624.2,58.6,650.8
4673,89.0,293.0,462.6,626.0,59.0,284.0,576.3,675.5
4682,36.833333333333336,796.0,66.66666666666667,818.0,35.91666666666667,795.5,66.83333333333334,818.5
4693,101.0,661.0,474.14285714285717,995.1428571428571,74.5,645.5,529.5714285714286,1028.0714285714284
4724,67.125,548.0,229.75,671.25,52.0625,543.5,236.875,676.625
4790,66.8,387.2,608.8,911.8,39.4,347.6,646.4,928.4
4997,120.375,1384.375,310.625,1502.0,79.1875,1369.1875,343.3125,1520.0
5066,25.0,701.0,27.0,702.0,25.0,701.0,27.0,702.0
5100,125.33333333333333,338.55555555555554,558.7777777777778,650.6666666666666,68.66666666666666,303.27777777777777,570.3888888888889,666.8333333333333
5142,182.66666666666666,643.6666666666666,555.3333333333334,1016.3333333333334,173.83333333333331,639.3333333333333,567.1666666666667,1020.6666666666667
5143,349.7142857142857,715.8571428571429,818.7142857142857,1097.2857142857142,263.3571428571429,684.9285714285714,898.8571428571429,1158.642857142857
5225,134.88888888888889,587.7777777777778,450.3333333333333,854.2222222222222,77.44444444444444,552.3888888888889,571.1666666666666,896.6111111111111
5236,57.0,661.6,301.2,842.0,46.0,652.3,322.1,856.0
5271,106.8,441.4,626.6,1116.0,58.9,366.7,685.3,1167.0
5314,134.5,442.3333333333333,683.6666666666666,982.3333333333334,100.25,428.16666666666663,736.8333333333333,990.6666666666667
5332,74.77777777777777,688.0,855.5555555555555,1197.3333333333333,48.888888888888886,680.5,872.2777777777778,1216.1666666666665
5361,77.77777777777777,275.55555555555554,495.22222222222223,608.2222222222222,43.888888888888886,265.77777777777777,521.6111111111111,632.6111111111111
5380,22.3,595.4,27.7,599.2,22.15,595.2,28.35,599.6
5383,47.9,641.2,148.8,713.6,39.95,636.6,162.4,719.3
5461,69.6,532.5,283.1,671.4,48.8,523.25,306.05,690.2
5489,171.75,263.625,520.0,589.25,95.875,245.8125,614.0,629.125
5496,205.0909090909091,772.2727272727273,571.0909090909091,989.1818181818181,122.54545454545455,684.6363636363636,623.5454545454545,1033.590909090909
5520,152.875,463.875,621.0,888.375,120.9375,448.9375,653.0,931.1875
5568,79.0,739.2,328.8,881.8,66.5,723.1,342.9,883.4
5588,93.0,817.4285714285714,498.14285714285717,1297.2857142857142,64.0,797.2142857142858,560.5714285714286,1432.142857142857
5620,37.8,655.8,53.4,673.2,36.4,653.9,58.2,676.6
5681,35.6,564.0,128.4,617.6,33.8,559.0,143.7,624.8
5692,38.666666666666664,563.6666666666666,182.0,696.3333333333334,35.33333333333333,562.3333333333333,189.0,699.1666666666667
5704,58.333333333333336,642.6666666666666,610.6666666666666,1233.6666666666667,41.66666666666667,630.3333333333333,628.8333333333333,1250.8333333333335
5740,53.333333333333336,871.3333333333334,144.66666666666666,941.3333333333334,50.16666666666667,870.1666666666667,153.33333333333331,941.6666666666667
5747,91.42857142857143,437.14285714285717,384.57142857142856,679.5714285714286,55.214285714285715,418.07142857142856,396.7857142857143,685.2857142857142
5856,329.0,339.0,796.3333333333334,780.0,299.5,325.0,817.1666666666667,792.0
5913,142.66666666666666,195.66666666666666,462.5,587.3333333333334,108.33333333333333,174.83333333333331,505.75,624.6666666666667
5970,64.0,371.3333333333333,194.33333333333334,482.0,43.0,368.16666666666663,238.66666666666669,518.5
6109,87.66666666666667,1141.6666666666667,424.3333333333333,1545.8333333333333,67.33333333333334,1114.8333333333335,438.16666666666663,1571.4166666666665
6163,127.66666666666667,459.6666666666667,748.8333333333334,846.0,78.83333333333334,431.33333333333337,776.9166666666667,868.0
6244,176.66666666666666,877.3333333333334,444.6666666666667,1148.6666666666667,161.83333333333331,875.6666666666667,448.83333333333337,1159.8333333333335
6254,67.66666666666667,628.6666666666666,206.0,701.0,54.833333333333336,626.8333333333333,208.0,705.0
6516,37.333333333333336,752.3333333333334,203.66666666666666,881.3333333333334,36.66666666666667,751.1666666666667,207.33333333333331,883.6666666666667
6520,57.333333333333336,542.3333333333334,869.6666666666666,1223.6666666666667,46.16666666666667,532.1666666666667,929.3333333333333,1235.3333333333335
6544,45.0,675.3333333333334,261.6666666666667,778.0,42.0,669.1666666666667,266.83333333333337,779.5
6658,131.33333333333334,412.1666666666667,381.5,667.5,110.16666666666667,399.58333333333337,392.25,687.75
6668,94.6,885.8,389.8,1186.2,70.3,874.4,397.4,1193.1
6770,70.0,1276.3333333333333,368.3333333333333,1616.3333333333333,59.5,1254.1666666666665,377.16666666666663,1631.1666666666665
6821,77.6,1031.8,382.6,1333.6,72.3,1016.9,406.8,1344.3
6822,369.6666666666667,574.5,675.5,1065.0,326.83333333333337,558.25,688.75,1111.0
6853,231.0,380.0,597.0,814.3333333333334,224.0,372.5,616.5,826.1666666666667
7133,102.6,191.8,557.6,630.2,82.8,177.9,567.3,640.6
7279,75.27272727272727,463.8181818181818,281.45454545454544,795.0,49.63636363636363,431.4090909090909,316.22727272727275,841.5
7318,86.33333333333333,701.3333333333334,331.0,969.6666666666666,78.16666666666666,693.1666666666667,343.5,972.3333333333333
7384,117.88888888888889,942.4444444444445,302.44444444444446,1080.6666666666667,99.94444444444444,929.2222222222222,345.72222222222223,1104.3333333333335
7418,36.333333333333336,599.3333333333334,131.0,670.0,34.16666666666667,598.6666666666667,136.0,670.5
7448,241.7,640.1,602.0,889.8,175.85,560.05,725.5,932.4
7506,37.333333333333336,994.1666666666666,40.833333333333336,997.0,37.16666666666667,994.0833333333333,40.91666666666667,997.0
7581,18.666666666666668,483.6666666666667,115.0,535.6666666666666,18.333333333333336,483.33333333333337,115.5,536.3333333333333
7629,53.2,769.8,115.2,828.8,47.1,760.4,123.6,842.9
7683,83.42857142857143,439.42857142857144,369.2857142857143,678.8571428571429,71.21428571428572,433.7142857142857,377.6428571428571,689.9285714285714
7693,144.88888888888889,635.7777777777778,769.5555555555555,1146.7777777777778,118.44444444444444,607.3888888888889,828.2777777777778,1199.388888888889
7778,62.3,1014.6,158.0,1107.7,56.15,1009.3,169.5,1111.35
7838,117.57142857142857,296.0,367.2857142857143,732.7142857142857,93.28571428571428,272.5,404.6428571428571,793.8571428571429
7856,27.666666666666668,297.6666666666667,125.33333333333333,400.0,24.333333333333336,295.33333333333337,130.16666666666666,401.5
7884,163.66666666666666,751.3333333333334,609.6666666666666,1034.6666666666667,151.83333333333331,747.1666666666667,647.3333333333333,1041.3333333333335
7888,206.57142857142858,348.14285714285717,711.4285714285714,660.8571428571429,169.78571428571428,297.07142857142856,746.2142857142858,701.9285714285714
7939,44.333333333333336,522.0,269.0,733.0,43.16666666666667,519.5,273.5,740.5
7989,236.875,607.625,609.125,892.875,135.4375,594.8125,687.5625,938.4375
8065,126.4,1138.7,564.8,1509.8,85.2,1116.35,659.4,1559.4
8108,32.333333333333336,299.0,829.6666666666666,931.0,24.666666666666668,295.0,845.3333333333333,942.0
8126,239.8181818181818,324.72727272727275,785.4545454545455,894.8181818181819,181.4090909090909,314.8636363636364,849.2272727272727,930.909090909091
8182,188.42857142857142,740.2857142857143,527.8571428571429,1099.7142857142858,158.71428571428572,726.1428571428571,550.4285714285714,1116.357142857143
8189,94.0,1476.0,147.25,1554.5,88.5,1473.5,151.125,1560.25
8199,87.16666666666667,390.5,263.5,556.8333333333334,80.08333333333334,383.25,281.75,564.9166666666667
8200,155.72727272727272,302.0,667.4545454545455,742.6363636363636,120.36363636363636,288.5,719.7272727272727,787.3181818181818
8204,49.375,351.875,140.125,426.375,34.1875,341.4375,148.0625,432.6875
8280,410.3,509.9,891.2,898.5,233.15,473.45,926.6,963.25
8319,131.2,596.9,400.9,837.8,78.1,550.45,460.95,886.9
8358,28.0,391.2,35.2,396.6,27.5,391.1,35.6,397.3
8446,185.66666666666666,541.6666666666666,617.3333333333334,893.6666666666666,178.83333333333331,522.3333333333333,631.1666666666667,912.3333333333333
8465,92.0,443.3333333333333,337.3333333333333,653.6666666666666,84.0,434.66666666666663,348.66666666666663,664.3333333333333
8490,134.125,534.625,557.875,877.25,92.5625,508.3125,668.4375,898.625
8516,35.333333333333336,423.0,256.3333333333333,638.0,29.666666666666668,417.5,263.16666666666663,639.5
8562,106.0,426.2,630.0,776.2,79.0,407.1,653.5,829.1
8578,58.0,920.25,121.25,975.25,55.5,919.125,123.625,976.625
8610,66.66666666666667,480.0,295.6666666666667,710.3333333333334,58.833333333333336,472.5,297.83333333333337,719.6666666666667
8647,159.75,739.75,625.0,1059.25,134.375,724.375,648.0,1084.125
8761,51.333333333333336,906.0,67.66666666666667,926.0,50.66666666666667,903.5,68.33333333333334,926.5
8799,62.333333333333336,882.6666666666666,348.0,1186.6666666666667,53.66666666666667,877.8333333333333,356.0,1189.3333333333335
8841,115.3,596.2,415.1,866.0,71.15,580.1,431.05,896.0
8937,28.77777777777778,610.5555555555555,121.55555555555556,680.0,25.88888888888889,608.7777777777778,125.27777777777777,683.5
8948,226.0,400.5,890.7,891.8,132.0,369.75,914.85,969.9
8950,298.6666666666667,337.55555555555554,814.4444444444445,787.6666666666666,211.33333333333334,289.27777777777777,870.7222222222222,850.8333333333333
8955,48.55555555555556,688.3333333333334,128.55555555555554,757.5555555555555,46.27777777777778,685.6666666666667,141.77777777777777,764.2777777777778
9098,61.666666666666664,250.66666666666666,677.3333333333334,671.0,38.83333333333333,246.83333333333331,685.1666666666667,680.5
9216,39.5,792.5,46.166666666666664,799.0,39.25,792.25,46.58333333333333,799.0
9306,72.22222222222223,511.0,210.55555555555554,653.4444444444445,61.611111111111114,508.5,224.27777777777777,662.2222222222222
9444,79.44444444444444,771.5555555555555,179.0,874.2222222222222,68.22222222222223,756.7777777777778,219.0,882.6111111111111
9489,64.0,689.3333333333334,438.3333333333333,1220.6666666666667,53.0,683.1666666666667,438.66666666666663,1250.8333333333335
9539,48.333333333333336,869.3333333333334,362.0,1134.3333333333333,40.16666666666667,867.6666666666667,371.5,1135.1666666666665
9606,55.0,598.0,276.6666666666667,812.0,45.0,595.5,286.33333333333337,816.5
9628,38.333333333333336,636.0,186.33333333333334,741.6666666666666,37.66666666666667,635.5,199.16666666666669,746.3333333333333
9762,106.0,1126.875,152.0,1182.125,93.0,1120.9375,162.5,1186.0625
9842,26.0,397.75,523.5,999.25,18.0,376.375,535.25,1006.625
9893,32.0,531.6666666666666,44.333333333333336,542.0,32.0,531.3333333333333,45.16666666666667,542.0
9951,39.666666666666664,320.3333333333333,838.3333333333334,829.6666666666666,29.333333333333332,271.66666666666663,848.6666666666667,843.8333333333333
10052,61.833333333333336,601.1666666666666,748.6666666666666,1185.5,42.41666666666667,567.0833333333333,776.3333333333333,1208.25
10195,28.166666666666668,498.8333333333333,104.33333333333333,557.5,26.583333333333336,497.91666666666663,108.16666666666666,559.75
10280,271.1666666666667,1051.4166666666667,509.0833333333333,1279.3333333333333,246.58333333333334,992.2083333333334,548.0416666666666,1361.1666666666665
10339,178.0,255.0,585.3333333333334,554.3333333333334,150.0,213.5,602.6666666666667,595.1666666666667
10532,157.83333333333334,609.8333333333334,819.1666666666666,1219.1666666666667,131.41666666666669,589.9166666666667,852.0833333333333,1242.5833333333335
10634,35.714285714285715,435.85714285714283,348.14285714285717,626.0,28.357142857142858,414.92857142857144,501.57142857142856,654.0
10712,35.666666666666664,427.0,731.0,1059.0,26.833333333333332,407.5,738.5,1083.5
10723,206.33333333333334,643.0,956.6666666666666,1222.0,128.66666666666669,640.0,960.8333333333333,1235.0
10820,32.0,659.0,34.666666666666664,661.0,32.0,659.0,34.83333333333333,661.0
10864,79.66666666666667,929.0,448.6666666666667,1209.0,60.833333333333336,926.5,452.33333333333337,1219.5
10913,34.0,580.75,133.75,628.75,32.5,575.375,134.375,631.375
10983,67.0,848.5555555555555,280.55555555555554,1007.5555555555555,60.0,844.7777777777778,302.77777777777777,1017.2777777777778
11147,212.0,487.0,941.3333333333334,975.0,194.5,468.5,957.6666666666667,997.5
11211,70.8,259.2,979.0,923.6,44.9,256.6,983.0,932.3
11275,62.333333333333336,349.6666666666667,286.6666666666667,609.0,46.16666666666667,335.33333333333337,344.33333333333337,632.5
11365,271.8,519.2,517.0,733.3,243.4,483.1,582.0,761.15
11380,101.81818181818181,829.1818181818181,336.72727272727275,1113.0,84.4090909090909,804.590909090909,386.3636363636364,1154.0
11410,173.8181818181818,676.4545454545455,632.2727272727273,1045.0,121.9090909090909,650.2272727272727,685.6363636363636,1110.0
11463,166.0,784.1818181818181,394.27272727272725,969.3636363636364,148.0,769.090909090909,431.1363636363636,986.1818181818182
11468,29.083333333333332,354.0,123.25,401.5,24.541666666666664,349.5,135.625,404.75
11612,179.0,1055.8333333333333,510.5,1326.1666666666667,113.5,1051.4166666666665,587.25,1340.0833333333335
11735,42.333333333333336,753.0,67.66666666666667,776.0,42.16666666666667,752.5,70.33333333333334,777.5
11736,86.66666666666667,668.3333333333334,449.6666666666667,999.3333333333334,70.33333333333334,659.1666666666667,479.83333333333337,1000.1666666666667
11913,170.33333333333334,246.66666666666666,816.3333333333334,778.3333333333334,151.66666666666669,217.33333333333331,846.6666666666667,789.1666666666667
12249,158.33333333333334,754.2222222222222,650.2222222222222,1089.888888888889,119.66666666666667,701.1111111111111,723.6111111111111,1172.4444444444443
12275,36.375,322.5,109.75,374.875,27.1875,319.75,112.875,382.4375
12283,110.83333333333333,403.0,640.5,816.3333333333334,102.91666666666666,391.5,684.75,830.1666666666667
12300,172.08333333333334,809.25,846.1666666666666,1329.5,108.54166666666667,788.625,869.5833333333333,1368.75
12448,119.33333333333333,556.3333333333334,842.3333333333334,1024.0,81.66666666666666,551.1666666666667,858.1666666666667,1046.5
12504,87.57142857142857,1096.2857142857142,579.1428571428571,1476.142857142857,67.78571428571428,1073.142857142857,696.5714285714286,1543.0714285714284
12545,63.77777777777778,663.5555555555555,157.33333333333334,725.3333333333334,57.388888888888886,652.7777777777778,172.16666666666669,731.6666666666667
12559,57.22222222222222,693.2222222222222,120.66666666666667,780.0,49.111111111111114,686.6111111111111,124.83333333333334,791.5
12662,66.875,623.75,335.5,856.875,56.4375,613.875,356.25,868.4375
12851,95.5,804.3333333333334,278.1666666666667,920.3333333333334,78.25,791.1666666666667,284.58333333333337,940.6666666666667
13115,164.14285714285714,604.7142857142857,866.7142857142857,1202.5714285714287,130.57142857142856,578.3571428571429,939.3571428571429,1228.2857142857142
13156,42.0,375.0,389.3333333333333,575.3333333333334,31.5,365.5,394.66666666666663,580.1666666666667
13162,210.16666666666666,826.3333333333334,699.0,1362.6666666666667,196.58333333333331,813.1666666666667,732.5,1376.8333333333335
13288,68.28571428571429,500.57142857142856,191.14285714285714,589.4285714285714,47.642857142857146,496.2857142857143,194.07142857142856,595.7142857142858
13369,133.5,990.5,345.0,1159.1666666666667,98.25,980.25,369.0,1189.5833333333335
13413,98.66666666666667,404.3333333333333,366.0,644.6666666666666,84.33333333333334,402.16666666666663,373.5,653.3333333333333
13457,84.0,967.2,334.4,1254.8,69.0,958.6,376.2,1278.9
13515,180.66666666666666,311.3333333333333,803.0,976.6666666666666,110.33333333333333,300.16666666666663,846.5,1012.3333333333333
13593,179.44444444444446,368.8888888888889,496.55555555555554,667.6666666666666,170.72222222222223,351.94444444444446,560.2777777777778,712.8333333333333
13610,158.66666666666666,1080.75,923.25,1534.8333333333333,98.83333333333333,1054.875,960.125,1586.9166666666665
13720,162.42857142857142,849.1428571428571,487.42857142857144,1221.4285714285713,124.71428571428571,796.0714285714286,516.7142857142858,1292.7142857142858
13751,39.0,276.875,452.5,577.5,24.5,251.9375,489.75,592.75
13884,94.66666666666667,582.3333333333334,471.0,877.6666666666666,88.83333333333334,568.6666666666667,473.5,882.3333333333333
13921,108.33333333333333,836.6666666666666,503.6666666666667,1107.6666666666667,102.16666666666666,821.3333333333333,509.83333333333337,1136.8333333333335
14033,28.0,369.6666666666667,175.0,533.0,28.0,366.33333333333337,180.0,551.5
14077,190.5,261.1666666666667,803.1666666666666,797.3333333333334,110.75,217.08333333333334,824.0833333333333,820.1666666666667
14152,143.44444444444446,513.2222222222222,417.55555555555554,726.4444444444445,84.22222222222223,501.6111111111111,501.77777777777777,779.7222222222222
14178,61.54545454545455,779.0,186.0,876.5454545454545,48.77272727272727,765.5,213.0,882.2727272727273
14254,125.54545454545455,888.6363636363636,222.0909090909091,989.8181818181819,105.27272727272728,871.8181818181818,238.04545454545456,1049.909090909091
14310,102.42857142857143,967.0,428.42857142857144,1196.2857142857142,73.71428571428572,953.5,435.7142857142857,1210.142857142857
14376,75.55555555555556,799.8888888888889,167.33333333333334,875.4444444444445,65.27777777777777,794.4444444444445,173.16666666666669,879.7222222222222
14459,175.71428571428572,496.0,445.57142857142856,786.8571428571429,114.35714285714286,465.5,555.2857142857142,815.9285714285714
14564,55.4,626.8,259.6,775.8,42.2,622.4,264.3,780.4
14821,66.66666666666667,188.66666666666666,525.0,585.0,48.333333333333336,184.83333333333331,538.0,592.5
14844,379.25,694.375,594.125,916.75,326.125,661.6875,625.0625,980.875
15156,82.75,1335.25,244.5,1428.0,79.375,1325.125,255.25,1438.5
15169,156.75,507.5,479.125,1055.125,93.875,420.75,561.0625,1197.5625
15170,83.0,575.2,318.8,728.6,71.5,570.6,329.9,738.3
15290,54.0,875.6,82.4,901.2,53.5,874.3,84.7,902.1
15382,71.33333333333333,297.0,641.0,702.3333333333334,51.166666666666664,291.0,650.5,706.6666666666667
15391,159.0,474.3333333333333,557.3333333333334,821.6666666666666,149.5,465.66666666666663,585.6666666666667,830.3333333333333
15418,122.0,697.3333333333334,502.6666666666667,1039.0,81.0,690.6666666666667,597.3333333333334,1045.5
15455,211.0,750.0,978.0,1332.6666666666667,192.5,737.5,1001.5,1338.3333333333335
15569,38.166666666666664,1028.0,45.5,1034.0,37.58333333333333,1027.0,46.75,1034.5
15596,159.0,921.0,452.5,1183.25,131.5,906.5,477.25,1192.625
15677,114.16666666666667,808.3333333333334,259.1666666666667,924.3333333333334,107.58333333333334,798.1666666666667,265.08333333333337,929.6666666666667
15685,70.71428571428571,864.0,657.1428571428571,1283.5714285714287,55.857142857142854,803.5,779.0714285714286,1305.7857142857142
15732,172.0,627.75,484.875,905.875,104.0,618.875,531.4375,967.4375
15749,329.3333333333333,535.1111111111111,628.8888888888889,824.0,255.16666666666666,499.55555555555554,664.9444444444445,887.0
15774,78.4,706.0,305.0,871.4,58.7,677.5,313.0,883.7
15874,101.66666666666667,568.3333333333334,298.6666666666667,838.6666666666666,91.33333333333334,563.1666666666667,303.83333333333337,862.8333333333333
15912,39.0,657.2,53.0,667.6,38.5,656.6,54.0,668.3
16002,92.66666666666667,575.3333333333334,797.5,1094.3333333333333,70.33333333333334,544.1666666666667,812.75,1104.6666666666665
16036,33.0,839.1428571428571,54.42857142857143,875.5714285714286,31.5,836.0714285714286,56.214285714285715,877.7857142857142
16038,130.33333333333334,515.0,410.3333333333333,790.3333333333334,112.16666666666667,513.0,417.16666666666663,799.6666666666667
16278,57.857142857142854,402.14285714285717,459.2857142857143,675.0,34.92857142857143,335.57142857142856,529.1428571428571,688.5
16288,452.5,374.5,783.3333333333334,648.1666666666666,352.25,361.75,816.6666666666667,705.5833333333333
16335,94.0,127.33333333333333,851.6666666666666,696.6666666666666,75.0,116.16666666666666,869.3333333333333,706.8333333333333
16449,79.3,772.6,387.6,963.2,61.15,765.8,396.8,972.6
16465,64.0,259.44444444444446,680.3333333333334,827.2222222222222,42.5,243.72222222222223,704.1666666666667,852.6111111111111
16477,61.22222222222222,454.6666666666667,264.8888888888889,574.7777777777778,40.111111111111114,427.83333333333337,287.94444444444446,597.3888888888889
16510,84.5,567.25,272.0,712.0,59.25,551.125,291.0,728.5
16543,282.5,648.625,503.75,950.375,159.25,641.3125,514.375,1006.1875
16612,103.0,158.16666666666666,700.3333333333334,636.6666666666666,79.0,133.58333333333331,747.1666666666667,676.8333333333333
16625,111.66666666666667,1167.7777777777778,320.55555555555554,1354.0,76.33333333333334,1145.388888888889,375.27777777777777,1384.0
16688,274.6666666666667,735.5,600.0,995.6666666666666,165.33333333333334,686.75,719.5,1107.8333333333333
16857,42.833333333333336,678.0,67.0,694.3333333333334,41.91666666666667,677.0,68.0,695.1666666666667
16996,167.66666666666666,144.0,616.0,403.0,158.83333333333331,130.0,626.0,404.0
17064,45.8,608.8,91.0,659.4,40.4,606.4,92.0,661.2
17130,46.0,733.6666666666666,129.33333333333334,811.3333333333334,41.0,732.3333333333333,138.66666666666669,815.6666666666667
17171,44.5,389.75,970.25,1108.5,33.75,376.875,994.125,1120.75
17202,86.66666666666667,694.6666666666666,213.66666666666666,804.0,77.33333333333334,692.3333333333333,220.33333333333331,806.0
17239,35.333333333333336,618.3333333333334,426.3333333333333,974.0,31.666666666666668,612.6666666666667,428.66666666666663,987.5
17383,86.66666666666667,983.1666666666666,157.83333333333334,1049.0,78.33333333333334,968.0833333333333,180.41666666666669,1054.5
17436,72.66666666666667,1071.3333333333333,253.66666666666666,1234.0,65.83333333333334,1068.1666666666665,268.3333333333333,1236.5
17462,159.8,487.4,651.2,940.2,124.4,474.2,687.6,964.1
17528,87.66666666666667,635.3333333333334,330.5,821.5,57.833333333333336,603.1666666666667,379.25,826.25
17550,66.625,890.0,489.75,1153.0,53.8125,812.0,602.375,1186.5
17578,58.42857142857143,729.2857142857143,198.28571428571428,782.8571428571429,49.714285714285715,716.1428571428571,204.64285714285714,790.9285714285714
17635,111.33333333333333,1180.6666666666667,510.3333333333333,1516.3333333333333,100.16666666666666,1166.3333333333335,517.6666666666666,1521.6666666666665
17640,143.85714285714286,763.2857142857143,300.0,1012.4285714285714,125.42857142857143,747.6428571428571,323.0,1026.7142857142858
17671,78.66666666666667,971.3333333333334,472.6666666666667,1270.3333333333333,72.33333333333334,959.6666666666667,480.33333333333337,1274.1666666666665
17717,145.0,247.66666666666666,395.6666666666667,545.5,106.0,237.83333333333331,409.33333333333337,558.75
17723,19.125,503.25,33.625,515.75,18.5625,502.625,36.8125,517.375
17735,107.83333333333333,889.0,259.0,990.3333333333334,94.41666666666666,871.5,272.0,999.1666666666667
17858,274.3333333333333,634.8333333333334,639.0,963.3333333333334,183.66666666666666,598.9166666666667,689.0,1021.1666666666667
17861,334.3333333333333,536.0,804.0,1088.3333333333333,307.66666666666663,532.5,834.5,1096.6666666666665
18101,182.66666666666666,770.6666666666666,675.3333333333334,1274.3333333333333,143.33333333333331,750.3333333333333,685.1666666666667,1295.1666666666665
18175,83.75,960.75,187.5,1022.0,75.875,959.375,189.25,1026.0
18191,53.2,1371.0,82.0,1395.4,52.1,1370.5,84.5,1396.2
18410,41.666666666666664,680.0,229.0,832.3333333333334,34.33333333333333,677.5,234.0,836.6666666666667
18454,97.4,1000.6,211.4,1134.8,73.7,995.3,221.2,1162.9
18470,122.4,328.6,832.0,1056.8,71.7,294.8,883.5,1113.9
18505,34.666666666666664,586.3333333333334,87.16666666666667,636.5,33.83333333333333,584.1666666666667,90.08333333333334,638.25
18535,226.33333333333334,744.0,657.6666666666666,1201.0,207.66666666666669,733.0,681.8333333333333,1203.5
18573,168.6,731.8,272.6,812.8,120.8,720.4,281.8,852.9
18588,123.2,253.8,510.2,551.6,73.1,239.9,560.1,600.8
18590,53.666666666666664,945.3333333333334,68.66666666666667,963.0,53.33333333333333,944.6666666666667,69.83333333333334,963.0
18593,109.8,650.6,241.4,755.0,74.9,645.8,250.2,779.0
18645,51.57142857142857,687.7142857142857,257.7142857142857,888.2857142857143,37.785714285714285,653.8571428571429,262.3571428571429,900.1428571428571
18662,45.666666666666664,508.0,302.0,661.6666666666666,35.83333333333333,505.5,309.0,663.3333333333333
18682,46.0,1072.3333333333333,200.0,1296.0,42.0,1065.1666666666665,203.0,1299.0
18723,49.0,908.0,132.66666666666666,984.0,47.5,903.0,133.33333333333331,986.0
18735,227.125,153.625,867.875,671.0,123.0625,134.8125,885.9375,744.5
18781,103.0,890.5714285714286,257.2857142857143,980.2857142857143,76.0,870.7857142857142,285.6428571428571,996.6428571428571
18822,133.66666666666666,831.6666666666666,691.8333333333334,1252.5,86.33333333333333,776.3333333333333,708.4166666666667,1258.25
18847,44.142857142857146,291.14285714285717,438.14285714285717,555.1428571428571,27.571428571428573,256.07142857142856,533.5714285714286,616.5714285714286
18998,51.833333333333336,815.0,66.83333333333333,829.1666666666666,50.41666666666667,813.5,68.41666666666666,829.5833333333333
19070,109.0,1192.0,612.6666666666666,1588.0,106.5,1183.0,629.8333333333333,1604.5
19160,82.66666666666667,368.0,586.6666666666666,859.0,55.833333333333336,363.0,595.8333333333333,871.0
19192,172.71428571428572,344.42857142857144,407.14285714285717,551.7142857142857,133.85714285714286,321.7142857142857,427.07142857142856,562.8571428571429
19197,93.2,490.0,322.6,822.0,60.6,482.5,330.3,868.0
19204,135.28571428571428,428.14285714285717,690.2857142857143,807.8571428571429,105.14285714285714,378.57142857142856,727.1428571428571,827.9285714285714
19221,77.0,948.3333333333334,400.0,1190.6666666666667,61.0,936.1666666666667,407.0,1198.8333333333335
19253,76.0,1257.0,322.3333333333333,1424.3333333333333,74.5,1254.0,326.66666666666663,1425.6666666666665
19263,82.66666666666667,633.6666666666666,320.3333333333333,749.3333333333334,79.83333333333334,621.3333333333333,333.66666666666663,754.6666666666667
19276,36.666666666666664,560.3333333333334,216.0,753.6666666666666,31.833333333333332,558.1666666666667,225.0,756.3333333333333
19413,40.333333333333336,407.6666666666667,174.0,510.0,36.66666666666667,405.33333333333337,176.5,514.5
19414,58.333333333333336,777.0,666.6666666666666,1229.3333333333333,55.16666666666667,764.5,709.8333333333333,1230.6666666666665
19461,72.0,223.33333333333334,918.0,798.0,54.0,220.16666666666669,953.0,831.5
19469,50.333333333333336,736.0,396.0,1014.0,42.16666666666667,725.5,403.0,1016.0
19548,141.66666666666666,918.3333333333334,370.55555555555554,1110.5555555555557,88.33333333333333,858.6666666666667,469.27777777777777,1131.2777777777778
19608,65.4,373.0,594.6,728.8,46.2,351.5,604.8,741.9
19632,298.2857142857143,865.5714285714286,988.5714285714286,1447.0,173.64285714285714,788.2857142857142,1013.7857142857142,1452.5
19642,122.33333333333333,613.6666666666666,247.5,716.3333333333334,111.16666666666666,607.3333333333333,268.25,724.6666666666667
19649,50.75,855.25,63.0,868.0,49.875,854.125,64.0,869.0
19707,26.0,574.6666666666666,195.66666666666666,715.0,23.5,571.8333333333333,212.33333333333331,716.5
19808,221.57142857142858,667.4285714285714,773.5714285714286,1292.142857142857,132.78571428571428,639.2142857142858,811.7857142857142,1388.5714285714284
19910,187.0,1007.5,412.8333333333333,1148.1666666666667,168.0,977.25,426.91666666666663,1164.5833333333335
19985,42.333333333333336,725.0,112.33333333333333,787.6666666666666,39.16666666666667,725.0,119.16666666666666,789.3333333333333
19999,324.8,656.4,509.2,928.2,303.4,647.7,526.6,944.6
20021,155.11111111111111,594.4444444444445,464.0,863.1111111111111,119.55555555555556,589.2222222222222,504.5,881.5555555555555
20159,124.42857142857143,647.0,633.1428571428571,1098.0,81.21428571428572,629.5,674.5714285714286,1154.0
20248,70.125,640.875,163.75,727.875,60.0625,632.9375,168.375,733.4375
20310,66.28571428571429,854.5714285714286,173.14285714285714,935.2857142857143,53.142857142857146,832.2857142857142,209.57142857142856,942.6428571428571
20312,88.75,515.5,359.0,761.375,55.375,481.75,458.5,809.6875
20324,52.0,407.4,430.8,738.2,41.0,400.7,450.9,744.1
20434,52.666666666666664,918.6666666666666,228.33333333333334,1073.3333333333333,51.33333333333333,914.3333333333333,233.16666666666669,1074.6666666666665
20465,37.666666666666664,659.3333333333334,430.3333333333333,896.0,36.33333333333333,650.1666666666667,431.66666666666663,904.0
20552,45.888888888888886,727.0,448.77777777777777,984.0,39.44444444444444,718.5,470.3888888888889,997.5
20605,42.666666666666664,698.0,85.0,726.3333333333334,41.33333333333333,695.0,85.5,727.1666666666667
20615,87.41666666666667,635.1666666666666,494.5833333333333,1017.5,71.20833333333334,620.0833333333333,520.7916666666666,1070.75
20618,117.33333333333333,1010.3333333333334,338.0,1206.3333333333333,109.66666666666666,1003.1666666666667,342.0,1209.1666666666665
20624,228.66666666666666,212.0,649.3333333333334,638.6666666666666,218.33333333333331,202.5,659.6666666666667,643.8333333333333
20791,141.0,1354.4444444444443,284.3333333333333,1570.111111111111,117.0,1344.2222222222222,294.16666666666663,1593.5555555555557
20798,93.0,1091.0,384.6666666666667,1467.6666666666667,89.0,1083.0,386.83333333333337,1479.3333333333335
20836,66.33333333333333,958.0,278.3333333333333,1242.6666666666667,49.666666666666664,955.0,280.66666666666663,1253.8333333333335
20871,175.0,798.3333333333334,614.6666666666666,1142.3333333333333,166.0,797.1666666666667,619.8333333333333,1154.1666666666665
21011,42.333333333333336,440.0,325.6666666666667,629.6666666666666,29.666666666666668,436.0,340.33333333333337,655.3333333333333
21099,105.66666666666667,1184.6666666666667,311.6666666666667,1381.6666666666667,100.83333333333334,1174.8333333333335,315.33333333333337,1385.8333333333335
21153,193.9,374.7,674.9,676.4,158.45,355.35,711.45,734.2
21169,96.66666666666667,504.6666666666667,271.0,640.3333333333334,91.33333333333334,501.33333333333337,283.0,649.1666666666667
21382,153.33333333333334,241.33333333333334,767.3333333333334,751.6666666666666,123.66666666666667,205.16666666666669,771.6666666666667,753.3333333333333
21446,340.0,160.66666666666666,740.1666666666666,511.1666666666667,315.5,143.33333333333331,761.5833333333333,553.0833333333334
21454,203.66666666666666,404.22222222222223,843.0,965.3333333333334,185.33333333333331,346.6111111111111,916.0,988.6666666666667
21540,186.66666666666666,778.6666666666666,778.0,1384.0,167.33333333333331,771.3333333333333,801.5,1409.0
21545,296.4,572.4,667.8,869.8,265.2,567.2,764.4,934.4
21579,49.666666666666664,1211.3333333333333,188.66666666666666,1318.0,47.83333333333333,1209.6666666666665,197.83333333333331,1323.0
21593,68.66666666666667,836.6666666666666,340.3333333333333,1049.6666666666667,66.83333333333334,832.3333333333333,346.66666666666663,1052.8333333333335
21618,57.666666666666664,690.6666666666666,151.16666666666666,773.6666666666666,52.83333333333333,686.3333333333333,156.58333333333331,775.8333333333333
21621,105.0,736.6666666666666,427.6666666666667,1057.0,88.0,732.8333333333333,444.33333333333337,1061.5
21720,43.0,575.8,101.4,639.2,37.5,571.4,109.7,646.6
21769,279.2857142857143,569.2857142857143,611.4285714285714,1148.7142857142858,238.64285714285714,541.6428571428571,624.2142857142858,1166.857142857143
21818,75.3,887.4,162.3,970.6,59.65,880.7,195.65,980.3
21830,68.42857142857143,690.4285714285714,116.42857142857143,737.7142857142857,62.214285714285715,686.2142857142858,123.71428571428572,741.3571428571429
21927,90.71428571428571,452.0,655.8571428571429,903.8571428571429,67.35714285714286,429.0,729.9285714285714,946.9285714285714
21960,228.83333333333334,664.1666666666666,636.8333333333334,992.0,202.91666666666669,637.0833333333333,689.4166666666667,1021.5
21977,22.5,393.0,50.666666666666664,414.1666666666667,20.25,389.5,52.33333333333333,415.58333333333337
22053,91.0,206.33333333333334,742.6666666666666,727.0,73.0,198.16666666666669,756.8333333333333,751.5
22103,47.0,1175.0,434.3333333333333,1480.0,44.5,1154.5,441.66666666666663,1483.5
22107,45.666666666666664,534.0,262.6666666666667,648.6666666666666,42.33333333333333,532.0,266.83333333333337,648.8333333333333
22118,67.75,504.25,599.0,1092.5,47.375,452.125,642.0,1141.75
22168,133.33333333333334,388.3333333333333,601.3333333333334,698.1666666666666,95.16666666666667,350.16666666666663,645.6666666666667,719.0833333333333
22206,178.83333333333334,790.5,617.6666666666666,1240.8333333333333,144.91666666666669,770.75,643.8333333333333,1265.9166666666665
22378,195.22222222222223,765.2222222222222,635.5555555555555,1153.4444444444443,140.11111111111111,725.6111111111111,769.7777777777778,1196.2222222222222
22412,77.8,886.6,560.0,1183.2,54.9,878.3,602.5,1202.6
22572,65.0,1007.0,193.66666666666666,1155.0,58.0,1003.0,195.83333333333331,1157.0
22599,89.0,1186.4,401.2,1582.6,72.5,1174.2,413.6,1609.8
22657,119.42857142857143,574.8571428571429,777.8571428571429,1312.142857142857,71.71428571428572,548.9285714285714,806.4285714285714,1326.0714285714284
22679,33.333333333333336,399.0,744.6666666666666,853.6666666666666,27.166666666666668,395.5,768.3333333333333,872.3333333333333
22681,66.83333333333333,342.8333333333333,453.5,667.5,43.916666666666664,313.41666666666663,523.25,683.75
22771,271.6666666666667,361.0,690.1666666666666,688.6666666666666,159.33333333333334,305.0,754.0833333333333,738.8333333333333
22822,156.88888888888889,808.6666666666666,327.0,939.1111111111111,102.44444444444444,785.3333333333333,374.5,974.0555555555555
22865,334.8888888888889,225.88888888888889,821.1111111111111,684.4444444444445,170.44444444444446,161.44444444444446,857.5555555555555,726.7222222222222
22886,123.22222222222223,1334.3333333333333,323.3333333333333,1496.2222222222222,86.11111111111111,1324.6666666666665,364.16666666666663,1524.111111111111
22928,158.6,1207.8,749.4,1620.6,99.3,1187.4,765.2,1648.8
23003,34.6,440.4,101.0,494.6,28.3,435.7,111.5,499.8
23012,98.66666666666667,403.6666666666667,458.1666666666667,756.5,71.33333333333334,395.83333333333337,477.58333333333337,768.75
23018,46.2,1102.2,241.2,1258.4,44.6,1100.6,248.6,1262.2
23078,135.0,419.4,368.0,668.4,118.0,414.2,375.0,672.7
23164,99.54545454545455,433.27272727272725,234.0,575.0909090909091,75.77272727272728,426.1363636363636,254.5,588.5454545454545
23225,112.5,1104.9,236.0,1223.6,101.75,1093.95,246.5,1238.3
23237,69.63636363636364,724.0909090909091,236.0,847.9090909090909,56.31818181818182,713.0454545454545,272.0,861.9545454545455
23357,139.28571428571428,268.57142857142856,307.7142857142857,498.14285714285717,101.64285714285714,249.78571428571428,336.8571428571429,527.5714285714286
23358,113.28571428571429,793.4285714285714,387.7142857142857,1167.4285714285713,74.14285714285714,763.7142857142858,412.8571428571429,1196.7142857142858
23395,119.0,308.5,692.5,633.6666666666666,83.0,251.75,764.75,689.3333333333333
23404,46.6,252.0,716.8,768.6,36.8,245.5,809.9,801.8
23444,87.33333333333333,414.0,393.0,674.3333333333334,76.66666666666666,409.0,409.0,682.1666666666667
23477,68.0,983.6666666666666,207.0,1082.6666666666667,65.5,982.8333333333333,210.5,1083.8333333333335
23528,70.57142857142857,915.8571428571429,517.4285714285714,1151.5714285714287,55.285714285714285,895.4285714285714,524.7142857142858,1164.7857142857142
23531,97.83333333333333,398.8333333333333,635.3333333333334,875.6666666666666,61.416666666666664,373.91666666666663,672.6666666666667,911.3333333333333
23731,39.333333333333336,339.0,148.33333333333334,416.6666666666667,37.16666666666667,337.5,155.66666666666669,425.33333333333337
23811,188.0,590.3333333333334,819.3333333333334,1052.6666666666667,174.0,575.1666666666667,838.1666666666667,1059.3333333333335
23911,88.5,463.35714285714283,273.7142857142857,613.2857142857143,58.25,435.17857142857144,298.8571428571429,627.1428571428571
24081,76.28571428571429,939.1428571428571,250.28571428571428,1090.857142857143,63.642857142857146,933.0714285714286,253.14285714285714,1119.4285714285716
24143,80.5,744.2,448.9,1072.2,57.25,729.1,519.45,1098.1
24173,184.77777777777777,501.44444444444446,536.6666666666666,807.8888888888889,131.38888888888889,488.72222222222223,592.8333333333333,844.4444444444445
24247,150.66666666666666,475.3333333333333,811.6666666666666,818.0,139.83333333333331,468.16666666666663,841.3333333333333,829.5
24260,79.0,818.0,151.66666666666666,880.3333333333334,76.0,815.0,153.83333333333331,882.6666666666667
24266,67.75,784.0,278.375,909.375,49.875,771.5,286.6875,924.1875
24267,38.5,620.8333333333334,97.83333333333333,667.5,33.25,618.9166666666667,103.41666666666666,669.25
24349,151.0,770.3,343.6,905.4,94.0,728.65,375.8,915.7
24505,176.42857142857142,798.8571428571429,642.7142857142857,1242.4285714285713,120.71428571428571,757.4285714285714,700.8571428571429,1288.7142857142858
24532,29.8,373.6,232.4,454.6,26.9,371.3,237.2,461.3
24538,55.5,1530.75,96.75,1565.375,54.75,1523.375,104.875,1569.6875
24552,102.77777777777777,361.1111111111111,437.0,576.2222222222222,74.88888888888889,350.55555555555554,471.5,614.1111111111111
24587,45.5,689.0,226.75,750.0,38.25,681.5,240.875,761.5
24633,191.4,952.2,781.0,1395.6,171.2,935.1,836.5,1418.3
24639,64.55555555555556,655.0,327.22222222222223,832.2222222222222,51.77777777777778,643.5,356.1111111111111,847.6111111111111
24672,51.125,605.625,649.0,1173.25,41.0625,594.3125,661.0,1187.625
24861,112.33333333333333,523.3333333333334,604.3333333333334,998.0,103.66666666666666,499.1666666666667,622.1666666666667,1022.5
24873,117.33333333333333,462.6666666666667,572.1666666666666,1160.0,91.16666666666666,446.83333333333337,613.5833333333333,1213.0
24880,50.857142857142854,787.8571428571429,359.7142857142857,899.5714285714286,44.92857142857143,777.4285714285714,363.3571428571429,921.2857142857142
24919,50.333333333333336,675.5,312.8333333333333,873.3333333333334,44.66666666666667,668.25,333.91666666666663,882.6666666666667
24928,49.57142857142857,847.1428571428571,99.14285714285714,877.5714285714286,48.285714285714285,846.0714285714286,102.57142857142857,878.7857142857142
25034,337.75,594.0,727.25,939.75,318.375,580.0,760.125,980.375
25046,56.666666666666664,678.3333333333334,109.83333333333333,723.8333333333334,52.33333333333333,677.1666666666667,112.91666666666666,727.4166666666667
25083,111.2,477.6,566.2,812.8,87.6,471.3,583.1,829.9
25130,62.375,681.625,279.0,816.5,47.6875,673.8125,289.5,826.25
25296,237.0,339.3333333333333,649.3333333333334,723.3333333333334,226.5,328.16666666666663,671.1666666666667,738.1666666666667
25331,25.833333333333332,252.5,218.66666666666666,383.3333333333333,20.916666666666664,250.25,222.83333333333331,385.16666666666663
25351,50.888888888888886,1180.2222222222222,338.6666666666667,1359.2222222222222,47.44444444444444,1176.611111111111,362.83333333333337,1362.611111111111
25405,225.33333333333334,221.66666666666666,562.6666666666666,624.0,224.16666666666669,213.83333333333331,581.3333333333333,640.0
25426,78.5,404.0,545.5,796.1666666666666,58.75,394.0,690.25,860.0833333333333
25430,242.16666666666666,320.6666666666667,497.5,609.0,211.08333333333331,312.33333333333337,513.75,650.5
25476,56.77777777777778,814.6666666666666,132.88888888888889,868.4444444444445,48.388888888888886,807.3333333333333,137.44444444444446,873.2222222222222
25482,73.16666666666667,401.1666666666667,235.83333333333334,539.3333333333334,52.083333333333336,397.58333333333337,267.4166666666667,558.1666666666667
25513,74.88888888888889,767.0,183.22222222222223,868.8888888888889,52.44444444444444,760.0,201.11111111111111,876.4444444444445
25720,109.66666666666667,470.55555555555554,209.77777777777777,581.3333333333334,80.33333333333334,443.27777777777777,232.38888888888889,588.1666666666667
25739,92.75,536.25,671.75,965.25,64.875,522.125,712.375,977.625
25757,352.6666666666667,332.3333333333333,904.0,761.6666666666666,319.83333333333337,309.16666666666663,948.5,775.3333333333333
25856,154.88888888888889,820.4444444444445,581.8888888888889,1179.6666666666667,132.44444444444446,812.7222222222222,624.4444444444445,1200.8333333333335
25875,57.27272727272727,545.3636363636364,138.1818181818182,636.0909090909091,48.13636363636364,535.6818181818182,155.0909090909091,642.5454545454545
25997,70.55555555555556,553.6666666666666,190.44444444444446,652.5555555555555,49.77777777777778,540.3333333333333,214.22222222222223,676.2777777777778
26008,61.833333333333336,572.3333333333334,314.6666666666667,752.0,51.91666666666667,568.1666666666667,335.83333333333337,764.0
26121,108.85714285714286,348.2857142857143,434.14285714285717,570.2857142857143,64.92857142857143,337.6428571428571,441.07142857142856,596.6428571428571
26192,41.44444444444444,360.0,153.55555555555554,443.77777777777777,30.22222222222222,357.0,166.27777777777777,449.3888888888889
26394,139.66666666666666,410.0,391.3333333333333,622.6666666666666,83.83333333333333,404.5,395.66666666666663,654.3333333333333
26427,101.42857142857143,485.14285714285717,574.7142857142857,1139.7142857142858,82.21428571428572,461.07142857142856,602.8571428571429,1171.857142857143
26645,204.75,461.25,701.875,865.75,130.375,449.125,766.9375,915.875
26896,147.66666666666666,742.3333333333334,833.6666666666666,1276.3333333333333,98.33333333333333,731.1666666666667,885.3333333333333,1292.6666666666665
26923,185.0,780.4,736.0,1294.4,132.5,764.2,768.0,1311.7
26948,183.33333333333334,485.0,445.0,688.3333333333334,159.66666666666669,476.5,454.0,690.1666666666667
27003,48.666666666666664,617.0,415.6666666666667,868.3333333333334,38.83333333333333,606.0,427.33333333333337,873.1666666666667
27029,248.66666666666666,623.8888888888889,683.4444444444445,958.7777777777778,176.33333333333331,589.4444444444445,734.2222222222222,1002.8888888888889
27094,161.55555555555554,860.5555555555555,523.1111111111111,1083.111111111111,135.27777777777777,852.7777777777778,577.5555555555555,1105.0555555555557
27172,45.625,881.875,61.625,890.625,43.8125,880.4375,62.8125,891.8125
27193,49.666666666666664,616.6666666666666,581.3333333333334,996.0,46.33333333333333,609.3333333333333,634.6666666666667,1008.0
27230,259.75,296.75,630.125,586.25,213.375,214.375,786.0625,715.625
27242,66.5,792.75,434.125,1085.625,51.25,787.375,479.0625,1135.8125
27338,100.66666666666667,948.4444444444445,745.0,1358.2222222222222,70.33333333333334,937.7222222222222,772.0,1415.111111111111
27347,48.0,659.3333333333334,75.0,677.6666666666666,45.5,659.1666666666667,76.5,679.8333333333333
27402,138.16666666666666,736.3333333333334,602.8333333333334,1028.6666666666667,131.08333333333331,728.6666666666667,632.9166666666667,1054.8333333333335
27602,62.857142857142854,396.42857142857144,457.57142857142856,662.2857142857143,46.92857142857143,385.2142857142857,483.2857142857143,681.1428571428571
27608,60.0,875.6666666666666,147.33333333333334,943.6666666666666,57.5,874.3333333333333,149.66666666666669,945.8333333333333
27665,82.7,383.1,217.5,544.1,62.85,368.55,236.25,576.55
27685,141.25,145.25,902.125,561.25,119.125,125.125,950.0625,610.125
27742,151.16666666666666,253.16666666666666,536.6666666666666,592.5,80.08333333333333,245.08333333333331,561.3333333333333,651.25
27833,164.0,439.3333333333333,869.0,810.3333333333334,93.5,410.66666666666663,873.0,867.6666666666667
27918,85.33333333333333,210.33333333333334,748.0,721.3333333333334,47.166666666666664,195.16666666666669,752.0,727.6666666666667
27957,179.66666666666666,703.6666666666666,514.0,908.3333333333334,165.33333333333331,695.3333333333333,516.0,910.6666666666667
27986,64.66666666666667,626.0,219.33333333333334,764.6666666666666,56.333333333333336,624.0,227.16666666666669,770.3333333333333
28007,40.2,563.0,272.2,785.2,38.1,556.5,294.6,792.1
28010,62.375,938.5,122.875,991.625,53.6875,935.25,127.9375,994.8125
28072,51.9,857.1,72.7,869.4,50.95,855.55,73.85,870.2
28128,81.4,1001.2,737.2,1537.4,69.7,991.6,750.6,1560.7
28153,134.16666666666666,284.8333333333333,368.6666666666667,517.1666666666666,113.08333333333333,276.91666666666663,394.33333333333337,548.5833333333333
28171,30.22222222222222,472.6666666666667,335.44444444444446,755.7777777777778,26.61111111111111,467.83333333333337,357.72222222222223,760.8888888888889
28177,190.0,1223.8,482.6,1468.8,119.5,1183.4,502.8,1484.4
28208,30.666666666666668,361.0,328.3333333333333,559.6666666666666,23.833333333333336,357.5,331.16666666666663,562.8333333333333
28239,195.66666666666666,912.0,530.3333333333334,1274.3333333333333,179.83333333333331,905.0,554.1666666666667,1282.6666666666665
28275,40.0,449.3333333333333,846.6666666666666,974.6666666666666,37.0,446.66666666666663,858.3333333333333,998.3333333333333
28416,47.0,555.3333333333334,735.3333333333334,1056.6666666666667,39.0,546.1666666666667,743.1666666666667,1062.8333333333335
28493,114.16666666666667,460.6666666666667,479.3333333333333,751.3333333333334,96.58333333333334,448.33333333333337,493.66666666666663,771.1666666666667
28516,167.33333333333334,169.33333333333334,699.6666666666666,690.6666666666666,165.16666666666669,165.66666666666669,708.8333333333333,690.8333333333333
28577,119.77777777777777,728.4444444444445,359.44444444444446,934.2222222222222,109.88888888888889,707.7222222222222,384.72222222222223,948.1111111111111
28619,45.0,786.3333333333334,599.3333333333334,1126.0,43.5,782.6666666666667,603.1666666666667,1132.0
28694,131.0,430.6666666666667,524.3333333333334,726.3333333333334,110.5,416.83333333333337,562.1666666666667,745.6666666666667
28770,116.33333333333333,894.3333333333334,686.0,1492.3333333333333,86.16666666666666,886.6666666666667,696.0,1517.1666666666665
28809,107.66666666666667,843.3333333333334,636.6666666666666,1344.6666666666667,87.83333333333334,828.1666666666667,648.8333333333333,1349.8333333333335
28850,203.33333333333334,392.3333333333333,418.0,554.3333333333334,123.66666666666667,380.66666666666663,419.5,579.6666666666667
28946,62.333333333333336,402.0,919.3333333333334,1038.3333333333333,55.66666666666667,396.5,955.1666666666667,1060.6666666666665
29009,122.0,218.66666666666666,739.6666666666666,640.3333333333334,109.0,206.83333333333331,755.3333333333333,650.1666666666667
29084,47.5,412.1666666666667,175.83333333333334,514.0,39.75,401.08333333333337,183.41666666666669,533.5
29098,113.0,875.0,402.6666666666667,1103.3333333333333,102.0,868.5,413.33333333333337,1108.1666666666665
29169,46.0,784.6,590.6,1136.6,38.5,778.8,599.3,1144.8
29271,214.33333333333334,695.0,368.0,812.0,174.66666666666669,665.0,380.5,814.0
29284,50.666666666666664,1370.0,59.0,1379.3333333333333,50.33333333333333,1370.0,59.0,1379.6666666666665
29285,76.27272727272727,915.4545454545455,112.45454545454545,935.4545454545455,70.13636363636363,912.7272727272727,116.72727272727272,938.7272727272727
29298,93.66666666666667,494.0,197.0,639.3333333333334,63.833333333333336,450.5,203.5,648.6666666666667
29476,72.4,1020.9,384.3,1248.4,57.7,994.45,431.15,1269.2
29504,87.66666666666667,834.3333333333334,522.3333333333334,1249.3333333333333,83.83333333333334,829.1666666666667,525.6666666666667,1255.6666666666665
29674,82.66666666666667,682.5,189.33333333333334,846.1666666666666,60.833333333333336,674.25,195.16666666666669,860.0833333333333
29675,72.5,569.0,333.5,781.1666666666666,53.25,559.5,343.25,815.5833333333333
29743,82.66666666666667,556.6666666666666,520.3333333333334,917.0,63.333333333333336,537.8333333333333,526.1666666666667,926.5
29774,43.72727272727273,499.0,100.72727272727273,542.6363636363636,37.86363636363636,490.0,109.86363636363637,556.8181818181818
29814,90.5,549.5,363.1,769.0,59.75,526.75,432.55,794.0
29822,72.81818181818181,428.3636363636364,492.27272727272725,892.3636363636364,46.40909090909091,361.1818181818182,544.6363636363636,946.6818181818182
29828,79.0,1132.3333333333333,142.66666666666666,1206.3333333333333,78.0,1128.6666666666665,149.33333333333331,1209.6666666666665
29961,43.57142857142857,466.14285714285717,145.0,601.1428571428571,33.785714285714285,458.07142857142856,154.0,615.0714285714286
29976,75.66666666666667,395.5,125.83333333333333,470.8333333333333,71.33333333333334,394.25,132.41666666666666,488.41666666666663
30098,82.33333333333333,902.6666666666666,321.6666666666667,1110.6666666666667,71.16666666666666,899.8333333333333,333.33333333333337,1126.3333333333335
30300,127.33333333333333,523.6666666666666,943.3333333333334,1134.3333333333333,119.16666666666666,519.8333333333333,949.1666666666667,1139.1666666666665
30482,102.66666666666667,823.3333333333334,675.3333333333334,1257.3333333333333,83.33333333333334,808.1666666666667,697.6666666666667,1261.1666666666665
30498,54.7,450.0,196.3,533.3,37.85,434.0,228.15,551.65
30500,70.66666666666667,365.8333333333333,157.66666666666666,422.1666666666667,67.33333333333334,363.41666666666663,165.33333333333331,426.08333333333337
30503,69.16666666666667,299.8333333333333,432.5,601.0,53.583333333333336,285.41666666666663,467.75,635.5
30546,86.2,1142.2,367.8,1329.8,66.6,1135.6,374.9,1335.4
30633,155.75,1342.5,590.875,1641.375,114.875,1319.75,609.4375,1682.6875
30679,41.75,638.5,136.5,764.25,40.875,635.75,139.25,766.125
30745,32.833333333333336,490.6666666666667,290.8333333333333,659.1666666666666,27.916666666666668,485.33333333333337,309.91666666666663,673.0833333333333
30777,128.42857142857142,1234.0,249.0,1355.5714285714287,119.71428571428571,1222.0,281.0,1390.7857142857142
30883,112.28571428571429,642.0,576.8571428571429,1101.4285714285713,86.14285714285714,610.5,650.4285714285714,1111.7142857142858
30907,154.33333333333334,552.0,338.0,724.6666666666666,148.16666666666669,545.0,345.5,734.3333333333333
30913,52.333333333333336,693.6666666666666,265.6666666666667,909.3333333333334,51.16666666666667,692.8333333333333,267.83333333333337,915.1666666666667
30935,174.8,529.8,654.0,877.4,151.9,494.9,677.0,883.2
31011,150.42857142857142,703.1428571428571,761.2857142857143,1024.0,107.71428571428571,685.0714285714286,820.6428571428571,1067.5
31040,50.2,758.9,130.6,812.9,47.6,754.45,135.8,815.45
31194,97.0,641.3333333333334,583.0,1084.3333333333333,75.0,618.1666666666667,592.5,1124.1666666666665
31294,66.33333333333333,895.3333333333334,258.6666666666667,1069.3333333333333,64.66666666666666,893.6666666666667,260.83333333333337,1081.1666666666665
31313,56.666666666666664,442.3333333333333,375.3333333333333,706.3333333333334,45.83333333333333,437.16666666666663,385.66666666666663,719.1666666666667
31363,42.333333333333336,286.3333333333333,225.0,426.6666666666667,40.16666666666667,284.66666666666663,233.0,429.33333333333337
31420,66.5,725.1666666666666,428.8333333333333,1045.0,46.25,718.0833333333333,471.41666666666663,1058.5
31435,80.33333333333333,1075.8333333333333,252.66666666666666,1257.8333333333333,71.66666666666666,1068.9166666666665,259.8333333333333,1263.4166666666665
31453,52.4,739.1,176.1,866.1,44.7,729.05,186.05,889.05
31479,55.44444444444444,575.2222222222222,609.8888888888889,1050.3333333333333,36.72222222222222,542.6111111111111,654.4444444444445,1087.1666666666665
31746,122.375,806.25,801.875,1330.25,82.6875,792.125,831.9375,1376.625
31791,288.3333333333333,697.6666666666666,597.0,1116.6666666666667,275.16666666666663,696.8333333333333,610.0,1119.8333333333335
31794,174.75,579.75,900.75,1014.0,107.375,548.375,929.875,1047.0
31808,176.6,323.8,702.6,771.2,139.3,274.4,769.8,778.1
31954,341.0,823.0,903.8,1202.6,296.0,803.0,928.9,1215.8
32082,49.166666666666664,436.1666666666667,256.3333333333333,579.3333333333334,44.58333333333333,425.08333333333337,259.16666666666663,583.6666666666667
32086,25.5,429.0,84.83333333333333,530.1666666666666,23.25,427.5,87.41666666666666,532.0833333333333
32102,163.75,707.25,402.0,901.0,159.375,694.125,419.5,915.5
32171,339.0,453.0,731.2,846.0,280.0,440.0,753.6,878.0
32282,45.666666666666664,630.0,116.66666666666667,679.0,43.33333333333333,628.0,121.83333333333334,679.0
32323,98.66666666666667,749.0,317.0,943.6666666666666,93.33333333333334,747.5,320.0,945.8333333333333
32394,101.25,644.0,469.75,844.25,73.125,606.5,543.375,861.625
32525,66.0,930.3333333333334,490.3333333333333,1152.6666666666667,63.0,922.1666666666667,492.66666666666663,1155.3333333333335
32588,247.0,602.6666666666666,600.1666666666666,967.6666666666666,166.0,554.8333333333333,654.5833333333333,977.3333333333333
32636,88.66666666666667,714.6666666666666,234.0,894.3333333333334,73.83333333333334,710.8333333333333,242.0,903.6666666666667
32736,57.875,396.875,377.5,618.375,38.4375,386.9375,401.25,630.6875
32812,65.375,1388.75,116.125,1427.625,59.6875,1385.875,120.0625,1432.8125
32920,80.0,1042.3333333333333,239.66666666666666,1249.5,64.0,1027.6666666666665,242.83333333333331,1267.75
32958,83.16666666666667,754.1666666666666,328.8333333333333,947.5,61.583333333333336,742.0833333333333,341.41666666666663,953.75
33016,50.333333333333336,571.3333333333334,391.0,915.0,39.16666666666667,564.6666666666667,417.0,946.0
33086,168.0,964.0,540.0,1249.5,123.5,950.5,548.5,1261.25
33138,64.0,443.3333333333333,861.6666666666666,1108.0,62.5,433.16666666666663,867.8333333333333,1111.0
33144,56.666666666666664,821.3333333333334,184.33333333333334,928.3333333333334,54.33333333333333,819.1666666666667,186.16666666666669,930.6666666666667
33300,443.3333333333333,428.0,977.3333333333334,1199.6666666666667,415.16666666666663,409.5,984.6666666666667,1228.8333333333335
33435,58.0,248.71428571428572,801.7142857142857,848.2857142857143,37.5,221.85714285714286,865.3571428571429,874.1428571428571
33560,57.833333333333336,857.1666666666666,100.5,881.6666666666666,55.91666666666667,853.5833333333333,103.75,885.8333333333333
33605,323.3333333333333,563.3333333333334,650.6666666666666,898.0,307.66666666666663,552.1666666666667,670.8333333333333,902.0
33736,41.333333333333336,839.3333333333334,222.66666666666666,947.3333333333334,40.16666666666667,838.1666666666667,225.33333333333331,951.6666666666667
33746,115.0,811.3333333333334,470.3333333333333,1089.0,113.5,807.1666666666667,496.16666666666663,1096.5
33868,162.83333333333334,308.6666666666667,439.1666666666667,527.8333333333334,153.41666666666669,295.83333333333337,466.58333333333337,541.4166666666667
33873,185.33333333333334,830.6666666666666,725.0,1311.6666666666667,147.16666666666669,826.8333333333333,758.5,1346.8333333333335
33972,84.0,598.25,604.375,912.25,63.5,569.125,671.6875,944.125
33980,57.333333333333336,723.3333333333334,175.66666666666666,807.6666666666666,53.16666666666667,721.6666666666667,179.83333333333331,808.3333333333333
34000,80.8,895.8,105.8,925.6,79.4,894.4,109.4,932.3
34085,298.6666666666667,642.3333333333334,527.3333333333334,991.0,290.33333333333337,637.1666666666667,537.1666666666667,999.5
34122,214.33333333333334,328.0,566.0,654.3333333333334,211.66666666666669,322.5,578.0,668.6666666666667
34143,128.14285714285714,625.5714285714286,501.7142857142857,914.8571428571429,93.57142857142857,606.2857142857142,536.3571428571429,937.4285714285714
34284,100.11111111111111,682.5555555555555,730.0,1127.4444444444443,67.55555555555556,659.2777777777778,773.0,1171.2222222222222
34340,78.0,679.3333333333334,314.3333333333333,899.3333333333334,62.0,678.1666666666667,386.66666666666663,958.1666666666667
34455,110.0,355.6666666666667,434.6666666666667,664.0,76.0,353.33333333333337,442.83333333333337,673.5
34465,97.33333333333333,327.3333333333333,585.6666666666666,757.6666666666666,69.66666666666666,319.66666666666663,642.8333333333333,769.8333333333333
34471,70.2,760.0,586.4,1079.8,60.1,748.0,605.2,1088.4
34483,173.0,1225.1666666666667,546.6666666666666,1602.1666666666667,114.5,1203.5833333333335,618.8333333333333,1606.5833333333335
34652,144.33333333333334,914.3333333333334,639.6666666666666,1489.3333333333333,131.16666666666669,898.1666666666667,648.8333333333333,1502.6666666666665
34655,156.625,1323.625,251.625,1422.375,104.3125,1318.8125,267.3125,1444.1875
34796,54.375,438.0,181.375,518.75,48.1875,432.5,212.1875,525.875
34804,85.33333333333333,647.6666666666666,261.0,752.3333333333334,85.16666666666666,643.8333333333333,267.0,759.1666666666667
34958,320.625,247.875,616.5,547.75,255.3125,224.4375,650.25,610.375
35020,71.66666666666667,173.0,492.3333333333333,690.0,64.33333333333334,156.5,496.16666666666663,699.0
35021,41.666666666666664,440.0,119.0,493.6666666666667,38.83333333333333,439.0,120.0,493.83333333333337
35110,169.33333333333334,1022.0,514.1666666666666,1701.5,115.66666666666667,1010.5,566.5833333333333,1758.25
35118,68.0,729.1666666666666,480.8333333333333,905.0,60.0,695.0833333333333,494.91666666666663,931.0
35128,29.666666666666668,468.3333333333333,100.0,511.6666666666667,28.833333333333336,467.16666666666663,103.0,513.8333333333334
35227,37.333333333333336,808.0,664.0,1141.0,26.166666666666668,737.5,715.0,1190.5
35307,20.666666666666668,320.6666666666667,242.0,585.3333333333334,18.833333333333336,318.33333333333337,269.0,597.6666666666667
35512,35.8,939.0,176.6,1107.2,34.4,938.5,192.3,1115.6
35514,30.285714285714285,464.14285714285717,93.42857142857143,511.2857142857143,28.142857142857142,462.57142857142856,101.21428571428572,513.1428571428571
35544,114.0,589.0,372.6,789.4,70.0,574.0,389.3,807.7
35660,88.0,268.5,418.0,551.75,50.5,258.75,468.0,567.375
35682,54.5,1481.75,67.0,1490.75,54.25,1479.375,70.0,1491.375
35685,189.6,323.3,872.3,706.6,137.3,253.65,917.65,747.8
35695,146.8,470.6,440.4,757.0,99.9,457.3,458.7,817.0
35966,59.666666666666664,634.3333333333334,921.3333333333334,1220.6666666666667,50.83333333333333,610.1666666666667,939.6666666666667,1236.8333333333335
35973,89.33333333333333,917.6666666666666,126.66666666666667,972.3333333333334,88.16666666666666,915.8333333333333,127.33333333333334,975.1666666666667
35978,107.57142857142857,719.0,377.42857142857144,866.0,79.28571428571428,674.5,456.2142857142857,891.0
