18,118.28394932428304,669.3380472349357,762.7149306586781,1098.2244967228264
19,44.81943577818551,560.1249892310236,122.9956909772666,729.6905187629355
33,40.27096422439365,386.67591538671405,384.04455372209526,635.7155381537962
62,108.89149460710075,945.5476242761367,615.4367639333447,1190.125427510605
114,62.90108125290099,567.7690827605957,218.18223415183485,761.9268800797628
146,62.826165578471354,470.4136776690353,601.8461920249639,852.431932380988
156,81.78187584178298,812.7843572298281,154.8969137903268,895.1220727450749
163,38.060116253820055,321.95504847499456,221.50031381210172,474.7947882427065
164,-1.1445873023962314,146.00036385599728,431.68172468292016,654.1412402282817
179,109.82351659489068,512.187361987352,329.1051200649686,733.9258610581019
186,207.5485111279373,881.8884473803354,964.7593918521317,1576.9804304765833
215,243.65166328616104,663.9857675324047,826.0414800219618,1061.030610868161
225,43.98675775057332,718.188115208244,90.41350073494313,748.5005215326079
227,261.83144758340904,874.3484333463392,771.1987040764196,1394.1846837103105
247,53.57998017055248,619.7028694168548,161.38227339806875,729.3539252779955
275,88.96982330922599,508.6738368466511,665.8777011308554,948.1724603567525
311,181.5843401807282,616.5793632298371,511.5481650325674,1028.8150822232783
399,99.71940736674269,798.2517562652844,357.2918510805545,1041.5538732253603
421,51.601329725503795,931.1200867263059,258.5711478884104,1043.1127211204293
432,53.57619784984574,843.9898297648258,322.1401457233509,1032.6469911708089
442,36.80743901952864,695.6071131756952,203.76261226888352,816.8103953956562
459,15.771973514476096,337.73080756670026,260.5292830121331,509.7775924632974
492,99.92541636117785,1051.3512277513319,255.6094196049302,1206.3874105542368
507,118.8735059954805,225.58591224507632,877.0127623286448,865.1634263171026
631,225.5140280770623,568.4576115678071,877.1220644288633,1165.9003555886266
707,44.00600589685574,821.4102943253305,69.78560472909085,842.3362085951984
723,131.2031710417204,192.29914401016765,874.1815770272923,776.6796111148246
1003,97.98430858306219,618.4068611929737,294.47209154366703,746.0444712734056
1065,100.87366747163135,883.7786181395713,356.10261874743225,1079.9700440322672
1136,301.824937046426,877.5301303170113,772.8482164371961,1213.4737187211572
1187,121.91649585077411,635.3605663319514,754.1987056000488,1138.7752417950621
1202,131.572249860461,776.4949390373473,263.430472744623,918.668024595719
1216,108.10669886925535,638.5717609198225,669.1551846906032,1020.740895814221
1263,106.33563967988343,781.0744291521943,761.5958002634624,1217.775563811751
1279,134.28814127962028,206.3923734323746,761.5753573723937,728.8145958618858
1293,88.1462136552082,519.1134479539834,251.03388383842278,677.9594016899575
1306,35.879239135042944,426.59377901723656,262.6107913745484,595.3295614831412
1314,221.68607672354133,688.4327524838351,851.0083206250207,1314.194599985872
1323,102.4007581746771,364.46993797958584,591.5336497196008,809.2913506246707
1364,100.14972748056306,423.8450800083836,778.6168744527553,993.0642926362481
1384,35.879239135042944,427.58955514142957,146.62919573043666,507.3144695274875
1406,45.523919712384,747.0144344185746,285.04583574454057,946.3038477681657
1408,98.64345489819725,606.0398088152235,631.1336090555146,945.5813411261312
1425,62.36236254152744,811.8144670725187,152.1179755896227,897.6487692339765
1476,188.11277192450336,523.9904145269462,495.2582931343361,820.7351453991586
1508,86.9381053742174,829.4056125678651,408.8442869054947,1144.246918283017
1534,182.09259717566766,550.7579316820506,646.5542289707786,940.360058250577
1542,162.55310603065007,827.7873199589643,424.7133961607125,1154.8719445626493
1565,61.5886654279148,727.6816137928643,240.4007223792648,793.3674046227899
1582,44.00600589685574,428.1505352557633,250.30122450491453,570.9321251182432
1620,201.5942804737393,323.0238381505498,950.5582836207992,949.1498446376955
1650,54.47063738810517,619.1882222218719,170.76676728031063,704.3879289318618
1729,136.51235583093612,557.4686284053323,569.8378086742925,982.5742702587845
1748,101.96169504822741,502.0380722201727,489.1633284941105,737.2513261926454
1892,28.552611100771948,375.82057343832327,574.1763141231282,872.834044863268
2075,33.61891087878092,235.0345495050976,695.2532127208897,701.6870002820549
2081,60.48028784575721,237.54024143907478,372.9984780079393,479.04031974969274
2226,98.82875014919,982.1180317596884,374.33249750429957,1203.3718452488072
2276,49.944273437452324,798.0974103056442,115.30590225429289,921.4768219482975
2288,38.060116253820055,505.2590012275447,117.0226115239633,574.7902134272919
2381,25.22838783993276,233.9480956303594,714.4516602626476,1021.5638179801477
2434,79.41931592458565,776.716591297253,259.4626546302742,894.5748814743334
2440,245.95236142634724,550.5116292024051,563.7192821927554,864.039690512103
2476,96.45604405283967,164.6106230763634,625.4654036653114,588.8734787686218
2513,36.33997576456337,518.9154152613976,150.52836663422713,594.499589034103
2528,97.1006771377291,407.89861950034157,418.77731894247603,628.8475474377678
2644,38.43649531542737,728.1212493294439,94.7411986080001,813.1369044281425
2669,38.34612496155399,498.7322385468929,588.256166159853,955.8473590161428
2724,43.799996902420574,512.3114984804694,322.6188809533761,667.8016977771251
2740,227.39518911214714,361.8815102739389,701.9000488985008,691.7141762285535
2766,156.21807198608067,571.5849768759845,416.0681327287106,814.3426830904122
2807,98.17207748365689,986.0098314367933,261.41696094826875,1193.9281461852618
2869,33.356865613338165,505.55860362643165,52.627928495398194,540.631454217658
2874,59.89118868528305,253.05272017153223,883.5905097022787,683.9240556618096
2949,85.27690599260684,987.3851874480533,266.3436846620519,1139.334486559146
3028,95.82193457763147,394.6978239277709,659.9473221666634,883.348507611999
3079,18.996273082125317,368.95948360469924,81.02485032605617,428.2663069772424
3110,50.393221444513,669.7516453728002,505.45212677482573,941.673106775716
3232,44.00600589685574,360.6011982281096,262.1615459667463,511.6674255976938
3252,76.15697010398814,837.4566090499552,716.783848504597,1160.645306091456
3301,51.601329725503795,1017.3416709294339,180.7778451595683,1092.5035196721049
3357,45.523919712384,696.9031213995763,89.18338081812226,715.2696950340838
3419,264.22235057796814,856.0232751265379,565.4030236454997,1183.4021429086383
3449,61.55782403515624,789.4257468742995,602.4216816320321,1226.952693274728
3665,78.91256817918162,882.851579989236,308.0441422235463,1041.006681954619
3747,253.44867944735887,775.5186333035549,483.1267469308507,994.9769216330939
3769,229.0752722751657,247.7340025517484,945.2180785091753,859.4021964807847
3770,62.36236254152744,646.2395531129077,267.4840482096454,830.3481785678431
3864,116.03290046539365,267.52969019706154,689.1361352066962,663.6802477521926
3895,44.24890434867268,194.6367884652951,785.4424667072853,757.1951646559559
4033,50.660639809010824,614.7611041065965,341.43591532296955,795.3928620477396
4034,87.25555643765551,472.776830340666,247.6178179765302,644.6621211052438
4063,66.85580403373496,730.9145848224255,589.129074512431,1158.977480736123
4099,60.9669992470049,843.6885346897743,402.7943280356689,1148.2188400890345
4192,35.057281328283494,727.3511734202359,792.6825494401965,1116.492227625624
4195,99.03475914362517,1280.3752971425681,300.7423170551782,1463.477453540626
4294,89.9144694122088,504.198948066124,971.7178296454264,1287.993543230827
4396,303.94097297399935,573.5776159788342,943.5589912935293,1142.3043677291105
4462,100.63072533499285,1035.7548154813585,329.38353536848604,1402.8273726600928
4585,101.29822991914614,400.99164337330336,591.5336497196008,805.9360085544267
4592,46.414576929936686,902.8609136212524,62.7635484997481,930.1985871283914
4593,132.02751813838876,401.50468966760604,521.9318504528667,801.2016711089718
4625,37.6249127223193,618.2759370889844,63.21690415443996,645.8767606365659
4673,90.81681496019968,291.7926207593798,537.859657202816,702.6142433366213
4682,34.09548926433196,799.036833104714,70.23485013689294,842.661432644772
4693,100.97578466619969,647.5854109172878,507.74109841334905,1044.060185011292
4724,51.601329725503795,552.9014075123404,258.5711478884104,680.7960902473641
4790,62.32852748582851,377.408777826535,644.5421675239588,955.4756004690415
4997,79.06707095005468,1322.8219718513926,307.5948968157442,1538.7592625755067
5066,25.301348448139326,701.5267682610909,44.97417957020935,703.5483143893642
5100,46.56425976849254,279.45122042253524,590.415356204549,700.5926864821143
5142,133.43954003251477,619.9622590220054,570.2535190663141,1040.3686449929146
5143,251.72460123523538,709.3474776128514,866.8195156965626,1193.274904159296
5225,51.0077188206849,523.0205243696369,335.6886348231564,925.38100957397
5236,35.201616684145016,647.3196057356542,341.88516073077164,846.189977500944
5271,22.13459205528963,381.5259380813292,752.7089607688034,1073.4939960301517
5314,112.13362882472474,447.2795531032216,666.58934315762,1020.6076233883196
5332,39.26760240718287,721.4769051737093,885.284337127984,1312.2691916964739
5361,34.425321162258264,253.76527136296778,577.1759335251578,652.6883648482732
5380,24.222966403792647,586.0969378127639,45.93633661300587,623.9183406070749
5383,38.014240017639715,617.6705964642631,173.12484266342616,716.5396871536267
5461,43.799996902420574,522.4451410353508,307.5948968157442,679.591143635677
5489,181.94100085027804,255.73027097757208,572.7005395711398,661.0309442131935
5496,138.82474430123116,802.4767398860697,571.2047835399585,1005.106518830825
5520,136.91725452882514,457.70468684460064,654.2913859747174,927.523271398339
5568,60.765011018653375,732.772963888329,321.35413859835796,897.5269069536673
5588,80.89084219421758,799.2194342791623,544.4912056861045,1234.893103254023
5620,37.6249127223193,645.6747770725719,60.24683883595492,677.1084639479284
5681,36.957621179389626,570.9992506843533,149.5662095914306,623.6259173353188
5692,37.6249127223193,560.9873740442042,199.28312228836515,700.876091804698
5704,35.738054504911155,609.3221078480661,706.1608775900481,1248.515963017389
5740,44.47346915182101,886.4548059923287,147.76955927803016,932.725283617293
5747,105.55907108272797,400.4983301756972,365.9935398459484,709.6270078415861
5856,168.02796534532743,319.7476304741256,790.7643318814853,837.1519415043083
5913,72.81090169535132,185.89806718946699,548.607190022629,644.5791350854162
5970,37.6249127223193,368.6775228759954,257.69092796734566,538.1047577287563
6109,80.26678822121504,1098.6090118328286,461.3729665932662,1667.1489566831283
6163,105.11545823014556,440.92617910189114,788.0521728937609,881.2404373423453
6244,201.64862650976997,887.5227940658153,493.6614200254098,1148.4383208001814
6254,52.67971176985048,618.0224197214054,190.26977083266976,700.0364772622005
6516,38.060116253820055,747.7098217384528,206.67785080952345,895.4798905434072
6520,57.12104856657334,503.5304780340882,858.059295200796,1260.3323642473651
6544,44.623651311681996,692.4257334915256,260.2034108430236,790.4865954965757
6658,105.63852146285775,399.23262640310526,410.1644320093285,672.7856063263434
6668,76.99263370241708,885.7581908825479,420.7708705797558,1207.998055724269
6770,64.97917114512224,1285.837700182904,418.3477853506461,1575.0388755163049
6821,65.86982836267492,1031.7517403330803,435.8733535264578,1408.1770973522891
6822,337.1507681714145,571.5217781945001,666.8917355935033,1102.29895603184
6853,204.80559415180892,380.9144355205046,602.2226016841273,865.5820034794133
7133,91.33835168689485,179.24847864711407,586.7218175316029,655.8888358998936
7279,80.30183510719597,462.70242521756313,381.89495429663964,869.749062543209
7318,63.206804107655266,699.214408263281,327.23330200662997,1004.190788021272
7384,107.03640756535144,933.1938101308261,370.62830224718675,1140.6123272214836
7418,39.15575100717859,620.2603217014491,136.4138872580197,677.4122104192161
7448,115.65037585335081,617.9246622570631,716.4851839630227,941.673106775716
7506,36.32072761828095,992.3782100353923,47.42727268092814,996.4793153286622
7581,18.63410542953376,481.50572310146805,107.40481730387033,537.2651431862588
7629,46.414576929936686,775.9802918423644,135.44279387114733,843.2086239155135
7683,86.96368343749825,427.25253286428546,386.88997968562813,677.2452936107421
7693,110.36714147982204,618.6859392240616,815.9679507547769,1195.233630202744
7778,47.96281783779685,989.5269454890262,181.08007083424644,1139.8816778298874
7838,58.96452172821855,299.34708131401766,458.2445435446305,755.4127132635343
7856,25.663516100730885,293.96800110994275,135.88969056326667,418.83165947417524
7884,142.07845402442413,718.1353319736255,673.7058453899754,1060.5982026435809
7888,156.09919356572547,316.4641763163784,771.314572868498,724.4300944933973
7939,48.010543121304366,518.143557796674,246.29932648635375,731.6758570677443
7989,94.96719816135928,614.8870256055945,612.5776161626441,942.9022490170016
8065,93.71299822550367,1069.0615506032739,592.6474605393084,1576.0660096347378
8108,39.27213474515658,277.62614445356456,782.8368111083211,836.8213298086248
8126,230.694113834906,316.4280975328682,776.8166297173107,930.1350913754268
8182,133.43954003251477,735.5958846941804,568.5580614683178,1145.9606352588696
8189,95.21779436014367,1466.7063238646024,152.7259088981586,1574.1724087497348
8199,81.78187584178298,386.84989820629124,267.4840482096454,571.4793163889847
8200,113.35495890299096,287.26804495292595,694.9638342407449,797.1540421886943
8204,48.62129025457915,338.9840532714579,156.85936123331717,433.8836970666495
8280,282.20358740396256,473.21435323679486,951.4891502336702,949.6365539589701
8319,87.2625822098751,617.6465110603159,396.16100962607794,843.2676080991711
8358,32.870154212090476,417.36784813936083,46.06866520203678,412.81158915475294
8446,140.72449285882624,546.648587668769,618.790331664629,909.2732801087028
8465,80.14150681463617,425.83458814469077,346.3170875312754,648.5445037356392
8490,119.80213490947716,550.9686713729661,508.36792862742544,904.3506199174848
8516,42.78902440932115,425.83458814469077,275.51415466558853,627.5397074275462
8562,95.15181866435738,385.6523374514776,664.691385796842,815.6999676613157
8578,53.62824172679238,918.5240789755734,128.32085035281688,997.9918252090794
8610,65.38770466182137,479.1988011081251,299.8556410068591,704.8926773313264
8647,116.15180896287839,715.0293484263373,673.0294542096444,1109.3764802993778
8761,45.523919712384,899.7845362620512,71.98314699302239,922.1064741116126
8799,112.97070761379358,885.7581908825479,389.77148731360154,1203.8198369901725
8841,42.076099438690015,568.6088986610565,449.7089232297247,938.8908472862967
8937,24.359330996692528,620.2603217014491,127.18048680522344,677.4122104192161
8948,98.22238627666505,382.1963765930319,903.3032115063982,936.92888591494
8950,196.05173878317675,323.5028528119542,893.8884415098174,854.2973810378314
8955,40.252165944426984,696.3884742045934,147.76955927803016,764.3362394657432
9098,31.480811687601594,217.7679377380512,673.0028882119716,712.3893405057356
9216,39.299176975395646,803.5385046363987,55.00202740746163,795.7683970445133
9306,63.79173847045367,505.30353465056305,260.6398305986578,655.5633626820883
9444,63.41281310209043,747.3619435111264,157.46729454185308,890.4610856572806
9489,43.69737189160744,698.420575639151,536.82146556502,1195.0565704540406
9539,44.84251494077933,872.5973996341615,399.1470366687972,1146.049961398465
9606,65.38770466182137,585.0486862049839,278.97839823160166,828.5945743418145
9628,35.879239135042944,617.0464641808991,205.0507971895062,730.6239173975383
9762,99.03475914362517,1111.4743216971547,152.7259088981586,1195.7822955486702
9842,23.89786481627275,404.7382240282469,615.1021815140825,988.7306094192384
9893,38.060116253820055,517.1705416712697,51.082725659164,538.4625755270887
9951,25.995301833517193,344.4344228535841,838.5883301861701,926.6914767824837
10052,62.64627408695643,571.6387197116934,788.5829925161335,1141.1733444493875
10195,27.194354385590163,506.6307031060088,108.81621975446895,573.8852043582181
10280,228.89523181084581,1066.5231470765927,481.88667223998857,1288.817091253507
10339,124.19618931142296,188.9525322656082,582.8561588592478,597.1117238126744
10532,177.87837555454905,585.1024290406929,826.0569557235341,1131.8057523359753
10634,37.93461648852426,425.83458814469077,263.90632359998494,624.970280277281
10712,46.21631473206425,422.77298052880644,765.6952311602859,966.2847624621108
10723,173.98502450441234,628.6747672076477,966.9162399850042,1208.9144097333515
10820,35.879239135042944,659.2641034715562,45.93633661300587,655.0161714113468
10864,75.92071002747984,932.9292981395571,502.49902551640434,1223.3809000766848
10913,36.957621179389626,569.5829199986119,145.21779327983808,626.1953444855841
10983,63.992933685552735,847.0632027231679,298.514983504882,1035.1568296215687
11147,163.7299824811066,473.5947081307331,944.1138438069642,1087.5401817107822
11211,62.51682821089035,250.56979952695167,987.9019517007351,982.1770101851772
11275,53.373971176117315,346.91760498288403,359.5348232286471,629.7897114179037
11365,265.7337423279355,513.8324699697871,496.8260404911151,785.2288132651398
11380,95.78497878238096,808.4967175658632,391.8336287308209,1165.0767227888718
11410,121.73097935143787,694.2938537590946,586.2818991788683,1056.6018019195542
11463,142.7289891163463,785.3648011724381,387.67516596746,999.2696658714169
11468,42.4268567567296,338.95045193727185,145.21779327983808,431.15545605835
11612,81.57586684734781,1065.065038864569,500.75822369290717,1321.60093361771
11735,35.769753517408304,749.6816865482011,72.78679298339286,784.6226378107408
11736,93.62977318181203,693.2217542795174,462.25682734282657,1004.157388878083
11913,133.52712037982795,222.79289316979862,747.7284694277315,820.6421189612756
12249,109.63696675229255,681.638247396143,728.3845555315824,1228.5196992302876
12275,24.222966403792647,318.3524167027199,108.81621975446895,417.59014240229595
12283,102.22806498193874,391.9684969596833,719.5319678086084,888.0834228149909
12300,108.81770867719791,790.240052647896,855.2583365137849,1377.097910075788
12448,132.76374073056513,549.2518406684887,868.8436175928742,1102.5478185042448
12504,61.04241570776037,1039.7576910203995,590.5066732784171,1536.781931977423
12545,60.459288163899096,687.8149502938056,150.52836663422713,730.2986933479647
12559,52.71729851058421,694.2819870027016,123.51229402378719,784.0230346028702
12662,69.65116851706681,622.9291968014703,350.23705614236485,866.6662482598244
12851,87.82291039818827,808.8488169193631,265.8944392542498,934.7094605027943
13115,174.92152038983886,609.1125650363549,910.8512067634526,1158.8334757542943
13156,43.122374451522646,361.9359001355116,394.7822548929073,614.8752423282092
13162,180.91886494074419,814.2409450529661,693.6493951472992,1409.054629021729
13288,51.601329725503795,506.05732499321886,196.8526745343208,594.8248130836766
13369,61.669642145844584,989.4589108525736,345.1767239836819,1210.3964147996262
13413,64.0974613252079,407.89861950034157,374.1388415555328,644.7989507680576
13457,95.02558059773132,964.2234667774816,384.2637481000458,1306.240969705477
13515,214.40171529096318,288.96423354509227,836.5062821470026,1017.000541288104
13593,153.8176958117489,368.4489440949972,508.0561992580307,696.8067378160388
13610,53.179551394472696,1095.4640837401864,952.8150515705044,1649.4054925331125
13720,162.4084584181056,857.7139921863562,515.1112023870085,1294.9275872975293
13751,25.214075653891744,291.3077795931939,522.384066619227,626.5253179336454
13884,87.96768881899328,568.6088986610565,506.5924903224192,911.5298033615063
13921,98.3327717700555,816.0291081896606,504.26581144081246,1086.3908238167578
14033,34.17433931612883,368.87884537086273,187.78487624844993,510.11519572191844
14077,57.13038871713731,221.96334824656643,777.214179220912,815.7404037263126
14152,47.11988590375168,517.4700477285064,545.0840735334131,765.8284269481969
14178,57.283918920145354,786.9065123339941,174.71445161882173,895.1220727450749
14254,109.11820762107568,887.8899158916754,217.67182115019253,995.4651287201777
14310,85.15267273192339,965.6252872769956,428.6830311090385,1262.676644817561
14376,63.61503977581886,807.2300835242567,168.83270242753375,895.4798905434072
14459,203.21142150947998,488.1287500680035,496.86539776274054,797.4261296988623
14564,43.98675775057332,620.3457574601144,262.6107913745484,785.1273862102054
14821,63.84409281092171,185.7342346142949,488.38571736933136,621.1779894067173
14844,357.3653997368574,697.45646227808,657.9720717947547,967.9768178297469
15156,79.06707095005468,1326.8653314559895,255.8386828527046,1472.176207908441
15169,66.92220754696982,467.0721555736445,578.3044413119026,1220.255483212499
15170,86.16712995848341,568.1897029629173,307.5948968157442,717.0444355530913
15290,54.47063738810517,886.4548059923287,84.66046865337067,930.1985871283914
15382,41.25668867981237,275.7898016340441,679.9666029917198,743.0521138822793
15391,139.35073834431475,469.30429024179995,580.4614034761149,854.1950432083125
15418,58.27204333286729,695.0147517743475,520.0797621029159,1043.6262219021783
15455,268.7108679211316,712.0866994143091,986.791389111236,1343.2688548618505
15569,37.6249127223193,1036.6944854987535,59.34503272508793,1040.2760325630227
15596,107.36366094274317,898.8283479607886,505.68585306753346,1221.1349276017702
15677,108.9818051953257,810.6799903813173,254.8347086303004,930.5564049267238
15685,51.16516395759723,865.1924560800416,837.1447771189835,1312.4393997691811
15732,199.24043555131422,616.8446096343166,501.3140286765888,900.9325385153204
15749,339.4156734622932,554.8355149963345,625.2733203441924,843.2676080991711
15774,79.84076806366731,715.5743045671107,299.6553470524755,898.9266098963141
15874,99.44356683936687,569.1494029986006,312.9175293132337,845.1614026923401
15912,37.55350338811929,646.2636385168549,57.75546519572299,665.6227645606642
16002,180.9323820897001,555.7967194554769,769.1810411370534,1165.333488499687
16036,48.27000918437598,829.3760607137591,60.63339013724496,889.8314334939655
16038,104.4497578144175,508.7177729599429,423.1417860397031,814.0612145401099
16278,42.66163782200222,442.56727754238204,504.71505684861455,696.2595465452973
16288,316.46173640693746,371.6328662039574,800.3258996721638,666.8870914622559
16335,114.79523381726558,136.05700868101172,886.4894808923558,725.2256579061233
16449,60.08738856775545,776.8358594682434,375.2423773081097,985.8458876718321
16465,63.76223069850161,256.96754115436374,727.8975428068983,869.5860629710104
16477,60.459288163899096,464.2325576631836,265.8944392542498,578.9432690033624
16510,88.55341786474249,571.8652483202567,258.89031071853384,703.8407376611203
16543,292.3064447767645,645.1667276853481,495.70861215965425,986.1559917169373
16612,101.18653999052978,151.39568533121124,787.9298538821369,709.0747222896723
16625,60.330067434718366,1086.9811655608519,309.33967444898286,1401.2641306746798
16688,196.8418310140546,735.858596058249,544.8137943316701,998.0508093927369
16857,40.71310718648874,696.6017300397764,70.23485013689294,677.4122104192161
16996,151.98681573666252,125.2445426747354,647.374866121696,456.9225071923276
17064,45.523919712384,618.2759370889844,96.9607198662195,655.9270644713812
17130,39.299176975395646,728.8474162933308,140.18417951484182,827.3167336794769
17171,161.69245035245822,388.07656475522,1001.0332573000765,1177.2277302757616
17202,79.39907700314663,696.3884742045934,202.69952985763098,815.546263814123
17239,38.61602197241841,616.0215022967959,461.3167542953283,1004.157388878083
17383,88.1462136552082,983.6103154682988,152.1179755896227,1040.2760325630227
17436,61.363919291090305,1067.59524655617,268.3018197857746,1210.3964147996262
17462,161.9115317339565,482.6546125692665,673.6976235654047,946.326842459667
17528,47.9412531943182,617.6465110603159,406.3838053322033,844.486464577851
17550,64.59927185736582,911.4566049301425,505.45212677482573,1172.6729202887232
17578,44.623651311681996,726.7745595151337,190.26977083266976,767.7387618982708
17635,108.98233148536372,1191.8185216824595,539.5886201437895,1588.4199907303628
17640,115.21440574905415,734.1718537455038,319.9483302457643,1019.8624660433222
17671,61.66082175161464,966.1131576001935,505.45212677482573,1302.0274775226972
17717,162.55310603065007,236.47595294048233,425.2352983381512,570.1578314856156
17723,18.021635145023787,505.55860362643165,46.4501092790195,511.0140588399938
17735,81.20592214551743,889.8472287173411,254.38546322249834,996.5921222664326
17858,260.62751837773686,583.423677441464,671.6933693468803,1004.157388878083
17861,328.9443203212951,517.0883734668968,757.1841548657385,1076.993776126003
18101,153.19307260592456,775.9805589126183,696.6176162301347,1308.2033544093047
18175,60.459288163899096,931.7442190096699,180.59520592748322,1033.5537649096573
18191,53.78220684428091,1326.223205670706,83.90708810306326,1408.807136757897
18410,38.48170327260498,695.2985309364103,259.7115114360039,846.2400688038797
18454,64.30347031964307,989.7154746174373,204.53882011441914,1171.9472938268195
18470,54.782548731596464,318.72314377051123,897.0824741809224,993.2569931615897
18505,37.6249127223193,573.1266880375405,78.82584316722291,627.0349590280816
18535,176.32021680840106,740.8810348305718,698.3223636414883,1215.3362768804188
18573,168.55309233065955,718.0859058859761,250.0011392443717,843.2086239155135
18588,43.00494462705901,257.31198373577473,515.8084534432537,632.610337384631
18590,53.57998017055248,933.9996358870775,73.96833147205226,979.3613630961338
18593,92.67556179303058,647.7812642744638,252.83048140422608,763.0736745583748
18645,57.79928883828953,694.8467630430374,263.90632359998494,895.6268211445395
18662,43.799996902420574,504.0636181174199,307.5948968157442,657.1951046278077
18682,44.661238052415726,1065.796980112706,221.67700876477465,1296.3492789005663
18723,46.414576929936686,901.2108373685661,155.28988312242876,995.4651287201777
18735,207.6178690705733,158.84558603521236,844.5442179582317,738.9297400316146
18781,60.9224308078523,884.9371802347199,295.7641879083669,994.9179374494363
18822,67.07121027720704,743.4762513890473,735.7249060712517,1297.365653004528
18847,42.66163782200222,293.2239207306022,410.8651804590496,561.9274089743362
18998,48.147262188753366,812.8838137482447,71.14087690529695,843.2086239155135
19070,105.46464390741455,1162.4968776930134,620.1512658660881,1653.407249990089
19160,40.73679906086238,367.55835769248273,608.7093674439659,920.6069039677647
19192,153.1943034823339,323.4333394127846,420.1412190827636,573.7182875497441
19197,38.01807390684733,468.4332375410288,355.04162438726524,911.0740850185063
19204,113.68242881681869,410.1784927965883,690.3224505407095,863.4766562787684
19221,82.60952467656277,932.9292981395571,401.6539644880754,1210.7292193073208
19253,61.22815366260658,1274.994524710526,321.80338400616006,1471.7798637537826
19263,75.50884360862139,614.3184272310735,341.2807466451265,733.5501205258977
19276,25.663516100730885,555.1057946602699,269.26612855996814,744.354046165973
19413,42.89398430526585,402.0400413372531,176.55738501848532,510.10931173095776
19414,62.05599141483083,749.7906935011378,622.1200957328698,1204.3228712101338
19461,31.64198699227382,216.99290912206465,958.4953535973066,832.7108089674213
19469,44.51803810512163,712.8148191123894,433.6102313441745,1041.8059095610502
19548,53.57998017055248,932.9951309333634,546.6243624535664,1134.7861395858097
19608,60.179582397112874,382.5791959579924,588.0060768392731,752.2832688977593
19632,227.52278883841834,733.2172711839254,985.8074164807817,1467.011831733648
19642,111.32492094571815,619.1882222218719,245.14069268125226,704.3879289318618
19649,45.523919712384,858.204427588611,69.35649893128873,864.7900806858826
19707,24.846042397940217,570.6359200951453,203.76261226888352,706.9146254207634
19808,127.06699433500314,572.724824798294,828.1347060774585,1328.0778467061675
19910,191.71474918543342,1014.285539223816,391.89936204006455,1150.486092514456
19985,45.523919712384,717.6306629236497,114.47949546681407,785.5335308707752
19999,276.39671851902995,644.1330659110159,488.0741770976625,922.6112225110771
20021,158.58212007248434,570.7830754499852,490.5833701208315,868.2179092461994
20159,111.52632947473263,616.9216762024705,689.8543929029473,1191.273886825885
20248,63.79173847045367,619.1882222218719,163.98130475164763,731.1711086682798
20310,45.726146386112426,856.5553037024267,168.83270242753375,930.5564049267238
20312,87.80107206846021,513.0996471202395,323.0989162315966,751.1741486226417
20324,60.55686128939952,401.50468966760604,449.7089232297247,746.6889940342003
20434,56.67735071274763,916.51714807198,257.949165903712,1078.3343855715975
20465,35.201616684145016,637.9223027849192,444.8697361169005,939.8399772390387
20552,38.571516335349045,707.2570542391222,504.26581144081246,1019.2733880965665
20605,37.55350338811929,701.8816603929075,83.90708810306326,730.6239173975383
20615,81.78149941177027,616.1289297129715,524.5512858792864,1095.9563120381258
20618,112.44685907126005,987.5200145854328,343.02552427836514,1210.9436060703677
20624,157.01720208211134,185.7342346142949,678.137597246262,662.5515077678234
20791,132.37247932834066,1323.846236087413,293.83933685244244,1585.3350989945898
20798,86.63112603464026,1067.7335200511018,424.5699581268185,1481.823866348382
20836,54.85146952626246,929.9235443770372,281.8740503953896,1273.8525642936117
20871,160.0919212817574,804.8688505739391,613.495291449243,1161.1497546139817
21011,43.33926027290015,426.9146407674372,321.9585526840031,625.7736596781248
21099,99.92541636117785,1193.436598079608,309.33967444898286,1397.2126835580136
21153,152.56166641618202,372.57468424147214,687.0971585118036,691.7141762285535
21169,97.98430858306219,504.77724259753353,260.03067426612733,648.0397553361746
21382,98.6676888479017,247.775739429127,749.8651701353392,766.9742086156441
21446,229.66657879663495,140.8442495897638,792.6806559623986,551.3142285401361
21454,120.46367134285263,344.24436506113943,845.949505359647,1025.7483338022273
21540,116.54676558902544,760.7131207655161,762.1851477929573,1407.2786659683093
21545,282.8865932410859,579.8162439523268,770.4826119430633,948.4005784677316
21579,43.98675775057332,1222.3227610775891,199.86530920399005,1311.539706852593
21593,62.897298932194246,827.4260398248886,345.1767239836819,1040.6928345450121
21618,56.20332264692185,696.3884742045934,156.85936123331717,785.1698290814822
21621,91.9476195999703,715.7422932984208,460.68368677900384,1081.684574910753
21720,45.523919712384,571.9319283190264,112.78403786881779,627.3986608173745
21769,192.3563144669976,553.4577632050656,629.1701278492192,1095.983508776228
21818,63.79173847045367,886.920025734366,163.98130475164763,995.4651287201777
21830,63.79173847045367,696.3884742045934,107.37718228513495,731.1711086682798
21927,92.26563661214652,472.0623407224061,741.9469849875845,1028.4329327564237
21960,209.21965002283835,693.2217542795174,670.9816089715429,1019.5008299232992
21977,26.09871963223163,383.0863720832626,51.487564947804685,428.35537103006476
22053,88.46827319853175,202.26622216541057,779.4000065951192,720.4950276932989
22103,38.48566750722656,1193.5781732210703,446.0560514509138,1546.5679557348772
22107,44.623651311681996,522.1491683049007,260.2034108430236,650.0567329994934
22118,44.40862158261709,498.12974674286403,688.4834708830241,1184.5779401633285
22168,60.504180487338544,359.2525918988654,583.733656155757,727.0212137240186
22206,136.05729996669854,775.9805589126183,663.05833908749,1287.4394443683066
22378,157.73718011603677,742.8774708468823,666.5885925411424,1153.3241642335788
22412,89.06761544678662,859.1828504300397,614.5337576018469,1220.3477892832818
22572,67.16705639945275,985.413527383541,203.30746316616688,1161.2385498505696
22599,62.276650849885776,1194.1910182931397,461.3729665932662,1656.1325891475228
22657,47.320140741418214,533.5741681734892,869.6914649693523,1246.8540829461563
22679,50.52966095702083,390.33924699126817,756.5915412472485,886.5771895146278
22681,46.842565999716946,341.5630947072157,499.94110484950545,692.9300957851366
22771,290.34104212862053,347.66401823735634,712.5076295066643,696.2595465452973
22822,108.9818051953257,796.1473894167736,363.6667371345363,995.8229465185101
22865,305.6931717305128,217.53655198196503,840.3249188814715,697.684054305784
22886,61.363919291090305,1326.09627042425,306.08600709982363,1488.8006589839129
22928,99.94388584998782,1139.6295128229576,794.3665272189013,1658.8855391617612
23003,39.15575100717859,427.58955514142957,108.81621975446895,507.3144695274875
23012,99.05554400387112,397.0867194878368,520.0797621029159,768.9341673328728
23018,45.726146386112426,1109.1929799122559,270.02417905437295,1321.198805484351
23078,105.9343769541478,405.3483244979554,390.51855476294344,680.7141540797796
23164,63.41281310209043,425.3793451823644,260.0435296002475,593.5548209641338
23225,101.76810700989077,1113.5808088990461,259.9524249225566,1206.3874105542368
23237,61.363919291090305,717.4067541793457,262.6107913745484,846.635741716751
23357,107.7649734843183,282.20353812531164,313.4047723276529,505.09799898514063
23358,40.31916046110383,789.4863563796794,470.4421121092516,1228.7072460045727
23395,90.15034859661668,273.1003594950679,856.4450332581018,702.872711217267
23404,42.36892170833981,261.79030994531433,648.889107647226,790.377647005222
23444,80.9803064735006,403.6906883735639,444.92587760333396,699.3334343049404
23477,60.9224308078523,988.0093197314173,202.41849054388916,1077.787194300856
23528,58.86328948600975,902.2786444662186,507.31872149455774,1190.5095034953279
23531,65.52227289839773,390.9308167742501,684.3521423328226,930.6293057733789
23731,37.99499187135729,344.08685600584727,146.62919573043666,433.1439242776077
23811,195.22925012797614,565.1250199914537,769.5443967542748,1066.5836897753245
23911,67.80267506256709,465.78779473796857,269.4421833333681,627.5397074275462
24081,66.51018364428552,932.4804837383805,257.949165903712,1078.3343855715975
24143,69.55360511557323,716.9201623714908,482.164517985402,1146.9889861223055
24173,204.3588430149679,478.3968996821259,507.3191293318195,805.5572885362794
24247,135.25864141888917,443.99252321368965,772.8564848363794,856.6654219643015
24260,79.84076806366731,812.8838137482447,152.1179755896227,897.6487692339765
24266,37.61561647457588,772.3135238597467,294.8406177119941,932.6034213369838
24267,36.80743901952864,619.1882222218719,94.1332652994642,668.6966523203073
24349,105.6427460689584,774.2626363118167,363.6736423423738,930.9292365199875
24505,99.19868314765223,731.9533537094053,707.1477568542672,1287.6765829871495
24532,25.301348448139326,361.91931490041804,258.1219024806083,523.1580581555611
24538,56.67735071274763,1601.5201067199635,107.37718228513495,1592.7495844016944
24552,61.13503232283096,351.0179540602627,438.4472719295345,595.3019676345646
24587,44.623651311681996,694.3156174263963,250.3972198896567,734.0591446910875
24633,144.8812807779444,887.3015874648133,798.8748186603992,1414.3474129723586
24639,43.33926027290015,636.1398466041076,335.04315117937244,842.7204168284296
24672,40.958673780529374,584.0793148155673,709.4083371324149,1208.4951124167742
24861,100.4663676892055,503.55108600819545,595.3440183799032,1051.4653644334721
24873,86.05038451601021,454.21465619855974,718.9295288252142,1183.7844880978755
24880,50.701295868969865,764.8407457962205,366.4472744133126,897.0754055443309
24919,43.103126305240224,696.7856593101782,339.7349273689156,894.633865657991
24928,44.00600589685574,845.1483918599744,105.78757332973932,894.2496574247598
25034,269.5174716398396,568.6088986610565,751.1699072001425,940.1534121936651
25046,56.67735071274763,696.3884742045934,109.95658330206248,731.1711086682798
25083,113.40770466892948,461.7458622305186,597.9230383510389,850.7195630624597
25130,60.459288163899096,692.7217062219758,267.85257437797253,828.047383071073
25296,214.53894292137153,336.4523388296571,702.6799758458064,739.6025353435575
25331,30.609826632223875,252.37102622677307,258.1219024806083,420.4738893499507
25351,43.7400198663489,1188.6933325165483,383.936470589945,1409.0751313986636
25405,210.37128894447744,217.13352971236634,561.9421140601313,643.857256971134
25426,54.03587650932853,398.5690091391395,574.0677503154308,871.515859137838
25430,252.60885107258596,321.2134932671907,514.3741324607973,640.3392634836589
25476,43.545269267335314,811.0807224590317,146.62919573043666,866.0600728054254
25482,64.30347031964307,405.8035674602818,267.15261778445773,574.4323956289595
25513,65.5244237292703,775.9802918423644,181.9182087071618,882.709817984353
25720,81.39796636963432,465.68006086819406,232.70165249599472,573.5814578869304
25739,57.630208972882826,505.09751208101244,681.9231120790486,1032.064037158615
25757,317.36373144342457,295.9350643964447,942.5292904206129,812.8322760320198
25856,107.37186160993618,825.0553782673892,593.0540119906458,1231.5664767307273
25875,45.523919712384,551.2057967586296,133.67016930504727,626.1840212860525
25997,65.99845179509607,525.3641369571922,247.18434168459342,666.1699558314057
26008,50.7176982801707,569.6870475216143,345.1767239836819,762.5854674712909
26121,50.7176982801707,359.240817448906,445.3189815247026,616.2415763600231
26192,22.43921653308166,367.1039296023298,155.71899768572368,473.8897791736328
26394,86.91033939689594,407.89861950034157,393.1121524618005,654.8492546028729
26427,86.09763385444202,473.03329090392424,614.171854947222,1102.148619651975
26645,94.75947000828369,450.9224492905141,742.0542598227164,963.8357562595303
26896,136.52288772683877,717.1910782497072,821.7374301381309,1224.9079271984365
26923,186.2994221873959,772.7567435428116,712.2372762338528,1286.4511468171306
26948,155.78486615918243,476.3651716391371,413.56386904082956,676.6981023400007
27003,38.895993171006744,604.4379954134215,444.8697361169005,906.622786065186
27029,276.9892639706615,617.9603985639367,709.5721100278515,1003.6101976073415
27094,122.81076450282525,843.6166609056428,570.7555381321563,1125.8989817719187
27172,44.623651311681996,885.2890034918622,58.0613104737997,894.2824582025773
27193,62.69545229130973,613.635308351436,576.3030251725799,1013.9796698476811
27230,250.61365605846123,178.34465147305423,554.0278336853704,623.2042325278595
27242,64.61479169654729,795.1994879737188,457.6082033912547,1150.6762546807984
27338,66.22538373699766,879.4902136698279,773.7312768522503,1433.3189636970753
27347,44.00600589685574,658.2399372677233,74.0283857869777,677.4122104192161
27402,100.67968361930963,716.4203909418976,660.2601928666141,1049.8482361341555
27602,43.5660541275813,382.5498611535035,499.94110484950545,698.4586563741251
27608,52.0428182087418,887.5269054719059,150.9776120420292,929.65139585765
27665,62.55013144212216,385.79675722821315,258.1665924132743,537.2538199867272
27685,178.28353590635567,151.55725332562386,966.5633740043083,608.0513058304499
27742,34.533075511277595,241.54140899506208,539.3644888277883,737.5841673184301
27833,46.93409908823904,408.0120354609788,871.4829702755281,949.0920013326377
27918,87.79669404587149,220.4470394227142,806.4219586705051,748.3922827351223
27957,179.53083700688583,717.9715833545457,474.8872318728392,937.0468134933826
27986,57.62932748494397,618.4068611929737,218.31282866781646,786.4323939888507
28007,37.6249127223193,554.1359045029606,246.29932648635375,786.4476697438198
28010,65.99845179509607,933.2618447672787,128.32085035281688,995.4651287201777
28072,52.06206635502422,856.1721546360193,74.0283857869777,865.7348487558518
28128,65.39169743089762,955.6463877671011,774.1039042410787,1688.7143497564025
28153,125.46825015177707,296.82637646916936,372.9335135249051,542.8178846549238
28171,33.1722400295732,464.98589331196933,340.99389695073455,755.9470802393587
28177,147.346003789427,1194.0309297327335,487.7998361910847,1504.5132183223593
28208,35.201616684145016,365.5032807461495,314.0247368988529,575.9922376004137
28239,178.60284822644488,888.7444402750622,568.5580614683178,1321.991422439134
28275,33.01247574338179,454.0430593921854,828.8920037423062,1058.2859212707142
28416,57.836868382555636,554.4512114225123,760.5813989272335,1074.0325242331107
28493,94.96719816135928,463.0469761712777,514.5243513637289,772.3410812563143
28516,137.05559427665048,157.1737939217152,623.6205530338187,708.2060711191019
28577,101.45209262555937,700.1266933961685,382.81689333157516,969.2182377821567
28619,58.13712943618462,765.5205627920183,601.2353662980188,1157.907486068179
28694,107.72980584651685,424.76166989002996,508.505036828571,735.3870232797079
28770,85.42524225121527,891.1343166207708,716.8987048750666,1572.474406796452
28809,108.84105334305356,821.7864396715354,648.6201757320289,1373.052867066829
28850,281.7059509979364,400.22708704418324,408.73383805231157,570.9321251182432
28946,53.22481751496281,387.21373194796735,913.3117886718401,988.4062554109885
29009,106.91788857503697,190.58308652818647,754.7422656852157,704.2123302028714
29084,38.48170327260498,407.3452786218377,177.69774856607881,512.2781904215269
29098,104.88144863183004,885.8736701796311,422.2605669216725,1141.972529781413
29169,61.17046532144569,779.7925686521792,601.2353662980188,1161.6303744714537
29271,128.29760162258162,617.6465110603159,357.24298229502574,827.8214820789415
29284,45.523919712384,1329.8953040860806,62.81206486579927,1397.0716369478416
29285,61.5886654279148,917.5682409167837,104.8254162869428,929.3589725858939
29298,45.523919712384,417.72837364789734,223.16710769342123,626.1840212860525
29476,60.03879936251921,1030.5509251377991,395.2315003007094,1293.5756173535465
29504,79.54780781339431,819.3257460275613,510.28226064497596,1265.8706862841175
29674,80.02853696426202,694.1205960791506,213.45405645132257,864.4270927376017
29675,69.65116851706681,569.8755699624875,343.02552427836514,763.1326587420324
29743,87.64195141022097,550.8503092494628,521.8149913298605,955.2204944685428
29774,43.545269267335314,505.77185946161455,90.41350073494313,537.5575664580149
29814,63.58572947601851,556.2309565430203,340.8752909165091,794.266003348945
29822,36.98563239193557,408.02046334488466,573.901950107449,942.7001632337658
29828,62.55013144212216,1112.0706257504069,148.37749258656606,1193.9281461852618
29961,37.6249127223193,465.214249883375,165.15708326482684,623.6145941357872
29976,62.55013144212216,400.5230980125823,153.11887823026055,487.87311460759366
30098,71.70299642163788,898.2340163076634,309.33967444898286,1113.5918236001078
30300,237.9475346214071,502.24334881391803,943.3788810656595,1177.3261118412036
30482,70.20611913912823,806.8424158829135,700.8819553997346,1328.5325427101843
30498,24.68370303331307,465.6805820587304,246.5343806731138,537.5575664580149
30500,60.459288163899096,362.82636917814864,150.52836663422713,432.81870022803406
30503,63.15537617529499,295.01091841069314,501.08146839709894,649.7758908713006
30546,60.55053121170865,1106.924073604459,379.863384235892,1330.882708908377
30633,85.96254320258647,1315.6136508900113,588.3474832337212,1666.656415012682
30679,39.299176975395646,640.2277090623525,153.11887823026055,761.9268800797628
30745,35.66235331366544,478.3297412788016,297.9321030982336,655.9761133016675
30777,106.16900729295062,1228.0098419469214,258.45957309338314,1397.0716369478416
30883,93.18104233560777,622.2738467786063,524.9941070544164,1139.9747562095754
30907,153.40031247676907,552.7404629562748,322.3862713304306,704.3879289318618
30913,47.11988590375168,695.3614102380203,271.6079850313532,933.7264317810865
30935,160.18190101158962,546.4600652278958,665.9690182047235,903.9105452851194
31011,100.06870444171865,679.1384664980056,770.7202797618608,1039.695281271215
31040,43.545269267335314,747.9508049554094,154.10730064593727,826.7695424087354
31194,82.87469575025557,613.9423995851054,603.1980321127328,1047.8285775071467
31294,67.80267506256709,889.3579235713565,261.7930197984192,1078.8391339710622
31313,45.93814969413786,426.112739341438,401.6539644880754,738.2667359285072
31363,37.99499187135729,296.59001624385195,258.5711478884104,436.42767122526243
31420,33.01885490602409,712.8148191123894,505.3365232061793,1047.7411586537728
31435,80.89121862423029,1070.6288727076637,269.84563949906135,1283.2168046099646
31453,42.69175763153743,729.3620634883137,185.23169490855082,866.9709658654598
31479,42.069171193274926,544.3818623933322,682.8140797230116,1058.1415169538604
31746,63.04949438132894,796.1963881674054,779.3151338961155,1337.7675043243562
31791,221.6367420249597,689.9462859035248,569.8378086742925,1128.591583187667
31794,122.15896966381179,605.9867177155486,938.6211303544802,1156.0506516893884
31808,126.7511220506214,255.36328882281393,791.9926879334777,825.8088992423768
31954,314.07609812694955,783.3178081655676,942.0093178153716,1217.7566700526606
32082,43.545269267335314,427.674990900095,262.6107913745484,574.3899527576826
32086,36.30861256278759,426.3231583281686,92.5891886225286,536.7971306179086
32102,159.25974252338227,694.8467630430374,416.0681327287106,931.476427790729
32171,326.2382046955339,421.53571035201503,812.3984764180462,856.617199768515
32282,43.545269267335314,617.6705964642631,127.18048680522344,677.4122104192161
32323,85.61727503737137,747.9267195514622,323.0989162315966,931.476427790729
32394,105.17842016638998,665.4134833831739,385.83698896838723,853.7086774173943
32525,61.47726275610327,899.2506953921243,504.26581144081246,1165.4583370564892
32588,262.8169832509682,614.4316039994577,569.8378086742925,967.1013424652646
32636,87.25555643765551,713.4678173652189,256.4320874066824,910.2122097896472
32736,50.7176982801707,383.6106395195742,450.37905570322897,643.6464507650974
32812,51.601329725503795,1329.3707688014651,114.44321050703579,1470.502023091445
32920,63.41281310209043,1028.0810313207542,264.6550397201344,1272.574723631274
32958,57.93505033969825,734.8980207093906,343.02552427836514,947.8583809290474
33016,50.21598287469881,572.1913179241769,416.651339781356,935.1337283330342
33086,109.85219091365917,928.6828224578555,556.4147023486779,1298.8647763127408
33138,69.64254976163856,436.8580123524528,821.8261805388048,1172.2659186676494
33144,53.78220684428091,821.7934433917379,201.35702329071833,930.5564049267238
33300,321.1774363623844,415.1853946945715,1000.4896460286133,1113.1733679787196
33435,23.83963079776213,253.4462719188844,792.266252966191,861.1689455691253
33560,117.19954395489252,856.1721546360193,89.96425532714103,894.2496574247598
33605,282.6568993188876,570.0435586937975,682.6709884969044,939.4271343008013
33736,38.014240017639715,828.5846019200371,256.4948488605911,931.3255806746463
33746,108.09817374999261,809.0134851142271,503.1815893796524,1089.1289624225085
33868,141.10097534349214,291.54738138709223,488.0791064329504,549.2108599462778
33873,157.98468935731216,809.2977306635755,719.7818564022592,1318.241170747455
33972,60.94719045411197,552.6974165836101,689.4972804735231,962.2304876206947
33980,51.601329725503795,715.5983899710579,180.32859975176623,813.7365076360131
34000,63.41281310209043,889.8807803063039,107.98511559367086,922.1064741116126
34085,295.09272017754284,616.5736856327562,503.3863606616663,997.439758635786
34122,227.0142271027933,318.0046541854583,575.5947252449806,693.477287055878
34143,81.60335100556806,616.0215022967959,506.5924903224192,946.8566811242215
34284,54.54587415360076,694.5368907290666,749.6104639237392,1214.9099084322193
34340,62.240661548180995,695.0147517743475,455.7669141879799,993.4940524320575
34455,132.63974891988497,369.0289190404933,452.5718053855306,687.8522242112839
34465,84.25243974888838,319.7476304741256,597.2149922382982,770.4096940343652
34471,66.67289708898646,711.1505646779349,637.5716954508993,1096.360193809889
34483,223.1452428725185,1232.174856155966,518.164112440754,1613.0672875697724
34652,134.8266581406839,889.3230018014519,706.4143081696062,1598.798906498452
34655,153.8007385041465,1328.3404025418713,250.0496556104229,1468.1345612976859
34796,51.601329725503795,426.79380879017543,155.71899768572368,523.5610845605569
34804,78.44942553522841,646.2636385168549,258.5763572230064,735.6819820426826
34958,274.5947433332271,237.67015500948634,625.2733203441924,504.98953653985535
35020,46.82979566740037,191.93062972038692,546.7695610938415,721.9616373912099
35021,37.55350338811929,426.79380879017543,127.18048680522344,507.3144695274875
35110,140.10180997158076,990.6128984436929,581.1099403092416,1537.9557801509675
35118,61.47726275610327,704.876832318671,499.1520654020785,922.5511306357153
35128,41.80921134190334,467.82822726631167,105.78757332973932,508.87907861231037
35227,49.17032702602069,797.5485587590251,694.4313910682481,1073.886087917167
35307,24.476357605104905,380.46480035259344,279.2567912967648,624.1193425352518
35512,37.6249127223193,929.1484266617936,184.63922727034867,1119.4689895282665
35514,37.89935136882833,467.82822726631167,108.36697434666685,509.20430266188407
35544,37.2217289179304,576.4410129775595,404.19376227507513,805.010097265538
35660,111.58390326664237,259.4578906510432,445.6072138803735,595.849158905306
35682,51.601329725503795,1472.0239339074683,70.00051335770341,1488.2959105844482
35685,121.1512419852672,267.769468248917,869.870312103712,712.9846675547142
35695,61.198550060606145,487.67560284196566,460.68368677900384,831.7975179857843
35966,55.00856738567379,614.4468806399867,913.3117886718401,1338.05573875972
35973,95.21779436014367,919.4479882643728,138.1621841141491,986.7433635400838
35978,60.9224308078523,727.129760762783,411.45056523926377,866.56482120489
